Created by PLY version 3.11 (http://www.dabeaz.com/ply)

Grammar

Rule 0     S' -> programa
Rule 1     programa -> declaraciones
Rule 2     programa -> <empty>
Rule 3     declaraciones -> declaraciones declaracion
Rule 4     declaraciones -> declaracion
Rule 5     declaracion -> declaracion_variable
Rule 6     declaracion -> declaracion_funcion
Rule 7     declaracion -> sentencia
Rule 8     declaracion_variable -> tipo IDENTIFICADOR PUNTO_COMA
Rule 9     declaracion_variable -> tipo IDENTIFICADOR ASIGNACION expresion PUNTO_COMA
Rule 10    tipo -> TIPO_ENTERO
Rule 11    tipo -> TIPO_DECIMAL
Rule 12    tipo -> TIPO_CADENA
Rule 13    tipo -> TIPO_BOOLEANO
Rule 14    declaracion_funcion -> FUNCION IDENTIFICADOR PARENTESIS_IZQ parametros PARENTESIS_DER bloque
Rule 15    parametros -> lista_parametros
Rule 16    parametros -> <empty>
Rule 17    lista_parametros -> lista_parametros COMA parametro
Rule 18    lista_parametros -> parametro
Rule 19    parametro -> tipo IDENTIFICADOR
Rule 20    bloque -> LLAVE_IZQ sentencias LLAVE_DER
Rule 21    sentencias -> sentencias sentencia
Rule 22    sentencias -> sentencia
Rule 23    sentencias -> <empty>
Rule 24    sentencia -> asignacion PUNTO_COMA
Rule 25    sentencia -> llamada_funcion PUNTO_COMA
Rule 26    sentencia -> sentencia_si
Rule 27    sentencia -> sentencia_mientras
Rule 28    sentencia -> sentencia_para
Rule 29    sentencia -> sentencia_retorno PUNTO_COMA
Rule 30    sentencia -> sentencia_imprimir PUNTO_COMA
Rule 31    sentencia -> sentencia_leer PUNTO_COMA
Rule 32    asignacion -> IDENTIFICADOR ASIGNACION expresion
Rule 33    llamada_funcion -> IDENTIFICADOR PARENTESIS_IZQ argumentos PARENTESIS_DER
Rule 34    argumentos -> lista_argumentos
Rule 35    argumentos -> <empty>
Rule 36    lista_argumentos -> lista_argumentos COMA expresion
Rule 37    lista_argumentos -> expresion
Rule 38    sentencia_si -> SI PARENTESIS_IZQ expresion PARENTESIS_DER bloque
Rule 39    sentencia_si -> SI PARENTESIS_IZQ expresion PARENTESIS_DER bloque SINO bloque
Rule 40    sentencia_mientras -> MIENTRAS PARENTESIS_IZQ expresion PARENTESIS_DER bloque
Rule 41    sentencia_para -> PARA PARENTESIS_IZQ asignacion PUNTO_COMA expresion PUNTO_COMA asignacion PARENTESIS_DER bloque
Rule 42    sentencia_retorno -> RETORNAR expresion
Rule 43    sentencia_retorno -> RETORNAR
Rule 44    sentencia_imprimir -> IMPRIMIR PARENTESIS_IZQ expresion PARENTESIS_DER
Rule 45    sentencia_leer -> LEER PARENTESIS_IZQ IDENTIFICADOR PARENTESIS_DER
Rule 46    expresion -> expresion_logica
Rule 47    expresion_logica -> expresion_relacional
Rule 48    expresion_logica -> expresion_logica IGUAL expresion_relacional
Rule 49    expresion_logica -> expresion_logica DIFERENTE expresion_relacional
Rule 50    expresion_relacional -> expresion_aritmetica
Rule 51    expresion_relacional -> expresion_relacional MENOR expresion_aritmetica
Rule 52    expresion_relacional -> expresion_relacional MAYOR expresion_aritmetica
Rule 53    expresion_relacional -> expresion_relacional MENOR_IGUAL expresion_aritmetica
Rule 54    expresion_relacional -> expresion_relacional MAYOR_IGUAL expresion_aritmetica
Rule 55    expresion_aritmetica -> termino
Rule 56    expresion_aritmetica -> expresion_aritmetica SUMA termino
Rule 57    expresion_aritmetica -> expresion_aritmetica RESTA termino
Rule 58    termino -> factor
Rule 59    termino -> termino MULTIPLICACION factor
Rule 60    termino -> termino DIVISION factor
Rule 61    factor -> IDENTIFICADOR
Rule 62    factor -> NUMERO_ENTERO
Rule 63    factor -> NUMERO_DECIMAL
Rule 64    factor -> CADENA_TEXTO
Rule 65    factor -> BOOLEANO_VERDADERO
Rule 66    factor -> BOOLEANO_FALSO
Rule 67    factor -> NULO
Rule 68    factor -> PARENTESIS_IZQ expresion PARENTESIS_DER
Rule 69    factor -> llamada_funcion

Terminals, with rules where they appear

ASIGNACION           : 9 32
BOOLEANO_FALSO       : 66
BOOLEANO_VERDADERO   : 65
CADENA_TEXTO         : 64
COMA                 : 17 36
DIFERENTE            : 49
DIVISION             : 60
FUNCION              : 14
IDENTIFICADOR        : 8 9 14 19 32 33 45 61
IGUAL                : 48
IMPRIMIR             : 44
LEER                 : 45
LLAVE_DER            : 20
LLAVE_IZQ            : 20
MAYOR                : 52
MAYOR_IGUAL          : 54
MENOR                : 51
MENOR_IGUAL          : 53
MIENTRAS             : 40
MULTIPLICACION       : 59
NULO                 : 67
NUMERO_DECIMAL       : 63
NUMERO_ENTERO        : 62
PARA                 : 41
PARENTESIS_DER       : 14 33 38 39 40 41 44 45 68
PARENTESIS_IZQ       : 14 33 38 39 40 41 44 45 68
PUNTO_COMA           : 8 9 24 25 29 30 31 41 41
RESTA                : 57
RETORNAR             : 42 43
SI                   : 38 39
SINO                 : 39
SUMA                 : 56
TIPO_BOOLEANO        : 13
TIPO_CADENA          : 12
TIPO_DECIMAL         : 11
TIPO_ENTERO          : 10
error                : 

Nonterminals, with rules where they appear

argumentos           : 33
asignacion           : 24 41 41
bloque               : 14 38 39 39 40 41
declaracion          : 3 4
declaracion_funcion  : 6
declaracion_variable : 5
declaraciones        : 1 3
expresion            : 9 32 36 37 38 39 40 41 42 44 68
expresion_aritmetica : 50 51 52 53 54 56 57
expresion_logica     : 46 48 49
expresion_relacional : 47 48 49 51 52 53 54
factor               : 58 59 60
lista_argumentos     : 34 36
lista_parametros     : 15 17
llamada_funcion      : 25 69
parametro            : 17 18
parametros           : 14
programa             : 0
sentencia            : 7 21 22
sentencia_imprimir   : 30
sentencia_leer       : 31
sentencia_mientras   : 27
sentencia_para       : 28
sentencia_retorno    : 29
sentencia_si         : 26
sentencias           : 20 21
termino              : 55 56 57 59 60
tipo                 : 8 9 19

Parsing method: LALR

state 0

    (0) S' -> . programa
    (1) programa -> . declaraciones
    (2) programa -> .
    (3) declaraciones -> . declaraciones declaracion
    (4) declaraciones -> . declaracion
    (5) declaracion -> . declaracion_variable
    (6) declaracion -> . declaracion_funcion
    (7) declaracion -> . sentencia
    (8) declaracion_variable -> . tipo IDENTIFICADOR PUNTO_COMA
    (9) declaracion_variable -> . tipo IDENTIFICADOR ASIGNACION expresion PUNTO_COMA
    (14) declaracion_funcion -> . FUNCION IDENTIFICADOR PARENTESIS_IZQ parametros PARENTESIS_DER bloque
    (24) sentencia -> . asignacion PUNTO_COMA
    (25) sentencia -> . llamada_funcion PUNTO_COMA
    (26) sentencia -> . sentencia_si
    (27) sentencia -> . sentencia_mientras
    (28) sentencia -> . sentencia_para
    (29) sentencia -> . sentencia_retorno PUNTO_COMA
    (30) sentencia -> . sentencia_imprimir PUNTO_COMA
    (31) sentencia -> . sentencia_leer PUNTO_COMA
    (10) tipo -> . TIPO_ENTERO
    (11) tipo -> . TIPO_DECIMAL
    (12) tipo -> . TIPO_CADENA
    (13) tipo -> . TIPO_BOOLEANO
    (32) asignacion -> . IDENTIFICADOR ASIGNACION expresion
    (33) llamada_funcion -> . IDENTIFICADOR PARENTESIS_IZQ argumentos PARENTESIS_DER
    (38) sentencia_si -> . SI PARENTESIS_IZQ expresion PARENTESIS_DER bloque
    (39) sentencia_si -> . SI PARENTESIS_IZQ expresion PARENTESIS_DER bloque SINO bloque
    (40) sentencia_mientras -> . MIENTRAS PARENTESIS_IZQ expresion PARENTESIS_DER bloque
    (41) sentencia_para -> . PARA PARENTESIS_IZQ asignacion PUNTO_COMA expresion PUNTO_COMA asignacion PARENTESIS_DER bloque
    (42) sentencia_retorno -> . RETORNAR expresion
    (43) sentencia_retorno -> . RETORNAR
    (44) sentencia_imprimir -> . IMPRIMIR PARENTESIS_IZQ expresion PARENTESIS_DER
    (45) sentencia_leer -> . LEER PARENTESIS_IZQ IDENTIFICADOR PARENTESIS_DER

    $end            reduce using rule 2 (programa -> .)
    FUNCION         shift and go to state 9
    TIPO_ENTERO     shift and go to state 18
    TIPO_DECIMAL    shift and go to state 19
    TIPO_CADENA     shift and go to state 20
    TIPO_BOOLEANO   shift and go to state 21
    IDENTIFICADOR   shift and go to state 8
    SI              shift and go to state 22
    MIENTRAS        shift and go to state 23
    PARA            shift and go to state 24
    RETORNAR        shift and go to state 25
    IMPRIMIR        shift and go to state 26
    LEER            shift and go to state 27

    programa                       shift and go to state 1
    declaraciones                  shift and go to state 2
    declaracion                    shift and go to state 3
    declaracion_variable           shift and go to state 4
    declaracion_funcion            shift and go to state 5
    sentencia                      shift and go to state 6
    tipo                           shift and go to state 7
    asignacion                     shift and go to state 10
    llamada_funcion                shift and go to state 11
    sentencia_si                   shift and go to state 12
    sentencia_mientras             shift and go to state 13
    sentencia_para                 shift and go to state 14
    sentencia_retorno              shift and go to state 15
    sentencia_imprimir             shift and go to state 16
    sentencia_leer                 shift and go to state 17

state 1

    (0) S' -> programa .



state 2

    (1) programa -> declaraciones .
    (3) declaraciones -> declaraciones . declaracion
    (5) declaracion -> . declaracion_variable
    (6) declaracion -> . declaracion_funcion
    (7) declaracion -> . sentencia
    (8) declaracion_variable -> . tipo IDENTIFICADOR PUNTO_COMA
    (9) declaracion_variable -> . tipo IDENTIFICADOR ASIGNACION expresion PUNTO_COMA
    (14) declaracion_funcion -> . FUNCION IDENTIFICADOR PARENTESIS_IZQ parametros PARENTESIS_DER bloque
    (24) sentencia -> . asignacion PUNTO_COMA
    (25) sentencia -> . llamada_funcion PUNTO_COMA
    (26) sentencia -> . sentencia_si
    (27) sentencia -> . sentencia_mientras
    (28) sentencia -> . sentencia_para
    (29) sentencia -> . sentencia_retorno PUNTO_COMA
    (30) sentencia -> . sentencia_imprimir PUNTO_COMA
    (31) sentencia -> . sentencia_leer PUNTO_COMA
    (10) tipo -> . TIPO_ENTERO
    (11) tipo -> . TIPO_DECIMAL
    (12) tipo -> . TIPO_CADENA
    (13) tipo -> . TIPO_BOOLEANO
    (32) asignacion -> . IDENTIFICADOR ASIGNACION expresion
    (33) llamada_funcion -> . IDENTIFICADOR PARENTESIS_IZQ argumentos PARENTESIS_DER
    (38) sentencia_si -> . SI PARENTESIS_IZQ expresion PARENTESIS_DER bloque
    (39) sentencia_si -> . SI PARENTESIS_IZQ expresion PARENTESIS_DER bloque SINO bloque
    (40) sentencia_mientras -> . MIENTRAS PARENTESIS_IZQ expresion PARENTESIS_DER bloque
    (41) sentencia_para -> . PARA PARENTESIS_IZQ asignacion PUNTO_COMA expresion PUNTO_COMA asignacion PARENTESIS_DER bloque
    (42) sentencia_retorno -> . RETORNAR expresion
    (43) sentencia_retorno -> . RETORNAR
    (44) sentencia_imprimir -> . IMPRIMIR PARENTESIS_IZQ expresion PARENTESIS_DER
    (45) sentencia_leer -> . LEER PARENTESIS_IZQ IDENTIFICADOR PARENTESIS_DER

    $end            reduce using rule 1 (programa -> declaraciones .)
    FUNCION         shift and go to state 9
    TIPO_ENTERO     shift and go to state 18
    TIPO_DECIMAL    shift and go to state 19
    TIPO_CADENA     shift and go to state 20
    TIPO_BOOLEANO   shift and go to state 21
    IDENTIFICADOR   shift and go to state 8
    SI              shift and go to state 22
    MIENTRAS        shift and go to state 23
    PARA            shift and go to state 24
    RETORNAR        shift and go to state 25
    IMPRIMIR        shift and go to state 26
    LEER            shift and go to state 27

    declaracion                    shift and go to state 28
    declaracion_variable           shift and go to state 4
    declaracion_funcion            shift and go to state 5
    sentencia                      shift and go to state 6
    tipo                           shift and go to state 7
    asignacion                     shift and go to state 10
    llamada_funcion                shift and go to state 11
    sentencia_si                   shift and go to state 12
    sentencia_mientras             shift and go to state 13
    sentencia_para                 shift and go to state 14
    sentencia_retorno              shift and go to state 15
    sentencia_imprimir             shift and go to state 16
    sentencia_leer                 shift and go to state 17

state 3

    (4) declaraciones -> declaracion .

    FUNCION         reduce using rule 4 (declaraciones -> declaracion .)
    TIPO_ENTERO     reduce using rule 4 (declaraciones -> declaracion .)
    TIPO_DECIMAL    reduce using rule 4 (declaraciones -> declaracion .)
    TIPO_CADENA     reduce using rule 4 (declaraciones -> declaracion .)
    TIPO_BOOLEANO   reduce using rule 4 (declaraciones -> declaracion .)
    IDENTIFICADOR   reduce using rule 4 (declaraciones -> declaracion .)
    SI              reduce using rule 4 (declaraciones -> declaracion .)
    MIENTRAS        reduce using rule 4 (declaraciones -> declaracion .)
    PARA            reduce using rule 4 (declaraciones -> declaracion .)
    RETORNAR        reduce using rule 4 (declaraciones -> declaracion .)
    IMPRIMIR        reduce using rule 4 (declaraciones -> declaracion .)
    LEER            reduce using rule 4 (declaraciones -> declaracion .)
    $end            reduce using rule 4 (declaraciones -> declaracion .)


state 4

    (5) declaracion -> declaracion_variable .

    FUNCION         reduce using rule 5 (declaracion -> declaracion_variable .)
    TIPO_ENTERO     reduce using rule 5 (declaracion -> declaracion_variable .)
    TIPO_DECIMAL    reduce using rule 5 (declaracion -> declaracion_variable .)
    TIPO_CADENA     reduce using rule 5 (declaracion -> declaracion_variable .)
    TIPO_BOOLEANO   reduce using rule 5 (declaracion -> declaracion_variable .)
    IDENTIFICADOR   reduce using rule 5 (declaracion -> declaracion_variable .)
    SI              reduce using rule 5 (declaracion -> declaracion_variable .)
    MIENTRAS        reduce using rule 5 (declaracion -> declaracion_variable .)
    PARA            reduce using rule 5 (declaracion -> declaracion_variable .)
    RETORNAR        reduce using rule 5 (declaracion -> declaracion_variable .)
    IMPRIMIR        reduce using rule 5 (declaracion -> declaracion_variable .)
    LEER            reduce using rule 5 (declaracion -> declaracion_variable .)
    $end            reduce using rule 5 (declaracion -> declaracion_variable .)


state 5

    (6) declaracion -> declaracion_funcion .

    FUNCION         reduce using rule 6 (declaracion -> declaracion_funcion .)
    TIPO_ENTERO     reduce using rule 6 (declaracion -> declaracion_funcion .)
    TIPO_DECIMAL    reduce using rule 6 (declaracion -> declaracion_funcion .)
    TIPO_CADENA     reduce using rule 6 (declaracion -> declaracion_funcion .)
    TIPO_BOOLEANO   reduce using rule 6 (declaracion -> declaracion_funcion .)
    IDENTIFICADOR   reduce using rule 6 (declaracion -> declaracion_funcion .)
    SI              reduce using rule 6 (declaracion -> declaracion_funcion .)
    MIENTRAS        reduce using rule 6 (declaracion -> declaracion_funcion .)
    PARA            reduce using rule 6 (declaracion -> declaracion_funcion .)
    RETORNAR        reduce using rule 6 (declaracion -> declaracion_funcion .)
    IMPRIMIR        reduce using rule 6 (declaracion -> declaracion_funcion .)
    LEER            reduce using rule 6 (declaracion -> declaracion_funcion .)
    $end            reduce using rule 6 (declaracion -> declaracion_funcion .)


state 6

    (7) declaracion -> sentencia .

    FUNCION         reduce using rule 7 (declaracion -> sentencia .)
    TIPO_ENTERO     reduce using rule 7 (declaracion -> sentencia .)
    TIPO_DECIMAL    reduce using rule 7 (declaracion -> sentencia .)
    TIPO_CADENA     reduce using rule 7 (declaracion -> sentencia .)
    TIPO_BOOLEANO   reduce using rule 7 (declaracion -> sentencia .)
    IDENTIFICADOR   reduce using rule 7 (declaracion -> sentencia .)
    SI              reduce using rule 7 (declaracion -> sentencia .)
    MIENTRAS        reduce using rule 7 (declaracion -> sentencia .)
    PARA            reduce using rule 7 (declaracion -> sentencia .)
    RETORNAR        reduce using rule 7 (declaracion -> sentencia .)
    IMPRIMIR        reduce using rule 7 (declaracion -> sentencia .)
    LEER            reduce using rule 7 (declaracion -> sentencia .)
    $end            reduce using rule 7 (declaracion -> sentencia .)


state 7

    (8) declaracion_variable -> tipo . IDENTIFICADOR PUNTO_COMA
    (9) declaracion_variable -> tipo . IDENTIFICADOR ASIGNACION expresion PUNTO_COMA

    IDENTIFICADOR   shift and go to state 29


state 8

    (32) asignacion -> IDENTIFICADOR . ASIGNACION expresion
    (33) llamada_funcion -> IDENTIFICADOR . PARENTESIS_IZQ argumentos PARENTESIS_DER

    ASIGNACION      shift and go to state 30
    PARENTESIS_IZQ  shift and go to state 31


state 9

    (14) declaracion_funcion -> FUNCION . IDENTIFICADOR PARENTESIS_IZQ parametros PARENTESIS_DER bloque

    IDENTIFICADOR   shift and go to state 32


state 10

    (24) sentencia -> asignacion . PUNTO_COMA

    PUNTO_COMA      shift and go to state 33


state 11

    (25) sentencia -> llamada_funcion . PUNTO_COMA

    PUNTO_COMA      shift and go to state 34


state 12

    (26) sentencia -> sentencia_si .

    FUNCION         reduce using rule 26 (sentencia -> sentencia_si .)
    TIPO_ENTERO     reduce using rule 26 (sentencia -> sentencia_si .)
    TIPO_DECIMAL    reduce using rule 26 (sentencia -> sentencia_si .)
    TIPO_CADENA     reduce using rule 26 (sentencia -> sentencia_si .)
    TIPO_BOOLEANO   reduce using rule 26 (sentencia -> sentencia_si .)
    IDENTIFICADOR   reduce using rule 26 (sentencia -> sentencia_si .)
    SI              reduce using rule 26 (sentencia -> sentencia_si .)
    MIENTRAS        reduce using rule 26 (sentencia -> sentencia_si .)
    PARA            reduce using rule 26 (sentencia -> sentencia_si .)
    RETORNAR        reduce using rule 26 (sentencia -> sentencia_si .)
    IMPRIMIR        reduce using rule 26 (sentencia -> sentencia_si .)
    LEER            reduce using rule 26 (sentencia -> sentencia_si .)
    $end            reduce using rule 26 (sentencia -> sentencia_si .)
    LLAVE_DER       reduce using rule 26 (sentencia -> sentencia_si .)


state 13

    (27) sentencia -> sentencia_mientras .

    FUNCION         reduce using rule 27 (sentencia -> sentencia_mientras .)
    TIPO_ENTERO     reduce using rule 27 (sentencia -> sentencia_mientras .)
    TIPO_DECIMAL    reduce using rule 27 (sentencia -> sentencia_mientras .)
    TIPO_CADENA     reduce using rule 27 (sentencia -> sentencia_mientras .)
    TIPO_BOOLEANO   reduce using rule 27 (sentencia -> sentencia_mientras .)
    IDENTIFICADOR   reduce using rule 27 (sentencia -> sentencia_mientras .)
    SI              reduce using rule 27 (sentencia -> sentencia_mientras .)
    MIENTRAS        reduce using rule 27 (sentencia -> sentencia_mientras .)
    PARA            reduce using rule 27 (sentencia -> sentencia_mientras .)
    RETORNAR        reduce using rule 27 (sentencia -> sentencia_mientras .)
    IMPRIMIR        reduce using rule 27 (sentencia -> sentencia_mientras .)
    LEER            reduce using rule 27 (sentencia -> sentencia_mientras .)
    $end            reduce using rule 27 (sentencia -> sentencia_mientras .)
    LLAVE_DER       reduce using rule 27 (sentencia -> sentencia_mientras .)


state 14

    (28) sentencia -> sentencia_para .

    FUNCION         reduce using rule 28 (sentencia -> sentencia_para .)
    TIPO_ENTERO     reduce using rule 28 (sentencia -> sentencia_para .)
    TIPO_DECIMAL    reduce using rule 28 (sentencia -> sentencia_para .)
    TIPO_CADENA     reduce using rule 28 (sentencia -> sentencia_para .)
    TIPO_BOOLEANO   reduce using rule 28 (sentencia -> sentencia_para .)
    IDENTIFICADOR   reduce using rule 28 (sentencia -> sentencia_para .)
    SI              reduce using rule 28 (sentencia -> sentencia_para .)
    MIENTRAS        reduce using rule 28 (sentencia -> sentencia_para .)
    PARA            reduce using rule 28 (sentencia -> sentencia_para .)
    RETORNAR        reduce using rule 28 (sentencia -> sentencia_para .)
    IMPRIMIR        reduce using rule 28 (sentencia -> sentencia_para .)
    LEER            reduce using rule 28 (sentencia -> sentencia_para .)
    $end            reduce using rule 28 (sentencia -> sentencia_para .)
    LLAVE_DER       reduce using rule 28 (sentencia -> sentencia_para .)


state 15

    (29) sentencia -> sentencia_retorno . PUNTO_COMA

    PUNTO_COMA      shift and go to state 35


state 16

    (30) sentencia -> sentencia_imprimir . PUNTO_COMA

    PUNTO_COMA      shift and go to state 36


state 17

    (31) sentencia -> sentencia_leer . PUNTO_COMA

    PUNTO_COMA      shift and go to state 37


state 18

    (10) tipo -> TIPO_ENTERO .

    IDENTIFICADOR   reduce using rule 10 (tipo -> TIPO_ENTERO .)


state 19

    (11) tipo -> TIPO_DECIMAL .

    IDENTIFICADOR   reduce using rule 11 (tipo -> TIPO_DECIMAL .)


state 20

    (12) tipo -> TIPO_CADENA .

    IDENTIFICADOR   reduce using rule 12 (tipo -> TIPO_CADENA .)


state 21

    (13) tipo -> TIPO_BOOLEANO .

    IDENTIFICADOR   reduce using rule 13 (tipo -> TIPO_BOOLEANO .)


state 22

    (38) sentencia_si -> SI . PARENTESIS_IZQ expresion PARENTESIS_DER bloque
    (39) sentencia_si -> SI . PARENTESIS_IZQ expresion PARENTESIS_DER bloque SINO bloque

    PARENTESIS_IZQ  shift and go to state 38


state 23

    (40) sentencia_mientras -> MIENTRAS . PARENTESIS_IZQ expresion PARENTESIS_DER bloque

    PARENTESIS_IZQ  shift and go to state 39


state 24

    (41) sentencia_para -> PARA . PARENTESIS_IZQ asignacion PUNTO_COMA expresion PUNTO_COMA asignacion PARENTESIS_DER bloque

    PARENTESIS_IZQ  shift and go to state 40


state 25

    (42) sentencia_retorno -> RETORNAR . expresion
    (43) sentencia_retorno -> RETORNAR .
    (46) expresion -> . expresion_logica
    (47) expresion_logica -> . expresion_relacional
    (48) expresion_logica -> . expresion_logica IGUAL expresion_relacional
    (49) expresion_logica -> . expresion_logica DIFERENTE expresion_relacional
    (50) expresion_relacional -> . expresion_aritmetica
    (51) expresion_relacional -> . expresion_relacional MENOR expresion_aritmetica
    (52) expresion_relacional -> . expresion_relacional MAYOR expresion_aritmetica
    (53) expresion_relacional -> . expresion_relacional MENOR_IGUAL expresion_aritmetica
    (54) expresion_relacional -> . expresion_relacional MAYOR_IGUAL expresion_aritmetica
    (55) expresion_aritmetica -> . termino
    (56) expresion_aritmetica -> . expresion_aritmetica SUMA termino
    (57) expresion_aritmetica -> . expresion_aritmetica RESTA termino
    (58) termino -> . factor
    (59) termino -> . termino MULTIPLICACION factor
    (60) termino -> . termino DIVISION factor
    (61) factor -> . IDENTIFICADOR
    (62) factor -> . NUMERO_ENTERO
    (63) factor -> . NUMERO_DECIMAL
    (64) factor -> . CADENA_TEXTO
    (65) factor -> . BOOLEANO_VERDADERO
    (66) factor -> . BOOLEANO_FALSO
    (67) factor -> . NULO
    (68) factor -> . PARENTESIS_IZQ expresion PARENTESIS_DER
    (69) factor -> . llamada_funcion
    (33) llamada_funcion -> . IDENTIFICADOR PARENTESIS_IZQ argumentos PARENTESIS_DER

    PUNTO_COMA      reduce using rule 43 (sentencia_retorno -> RETORNAR .)
    IDENTIFICADOR   shift and go to state 47
    NUMERO_ENTERO   shift and go to state 48
    NUMERO_DECIMAL  shift and go to state 49
    CADENA_TEXTO    shift and go to state 50
    BOOLEANO_VERDADERO shift and go to state 51
    BOOLEANO_FALSO  shift and go to state 52
    NULO            shift and go to state 53
    PARENTESIS_IZQ  shift and go to state 54

    expresion                      shift and go to state 41
    expresion_logica               shift and go to state 42
    expresion_relacional           shift and go to state 43
    expresion_aritmetica           shift and go to state 44
    termino                        shift and go to state 45
    factor                         shift and go to state 46
    llamada_funcion                shift and go to state 55

state 26

    (44) sentencia_imprimir -> IMPRIMIR . PARENTESIS_IZQ expresion PARENTESIS_DER

    PARENTESIS_IZQ  shift and go to state 56


state 27

    (45) sentencia_leer -> LEER . PARENTESIS_IZQ IDENTIFICADOR PARENTESIS_DER

    PARENTESIS_IZQ  shift and go to state 57


state 28

    (3) declaraciones -> declaraciones declaracion .

    FUNCION         reduce using rule 3 (declaraciones -> declaraciones declaracion .)
    TIPO_ENTERO     reduce using rule 3 (declaraciones -> declaraciones declaracion .)
    TIPO_DECIMAL    reduce using rule 3 (declaraciones -> declaraciones declaracion .)
    TIPO_CADENA     reduce using rule 3 (declaraciones -> declaraciones declaracion .)
    TIPO_BOOLEANO   reduce using rule 3 (declaraciones -> declaraciones declaracion .)
    IDENTIFICADOR   reduce using rule 3 (declaraciones -> declaraciones declaracion .)
    SI              reduce using rule 3 (declaraciones -> declaraciones declaracion .)
    MIENTRAS        reduce using rule 3 (declaraciones -> declaraciones declaracion .)
    PARA            reduce using rule 3 (declaraciones -> declaraciones declaracion .)
    RETORNAR        reduce using rule 3 (declaraciones -> declaraciones declaracion .)
    IMPRIMIR        reduce using rule 3 (declaraciones -> declaraciones declaracion .)
    LEER            reduce using rule 3 (declaraciones -> declaraciones declaracion .)
    $end            reduce using rule 3 (declaraciones -> declaraciones declaracion .)


state 29

    (8) declaracion_variable -> tipo IDENTIFICADOR . PUNTO_COMA
    (9) declaracion_variable -> tipo IDENTIFICADOR . ASIGNACION expresion PUNTO_COMA

    PUNTO_COMA      shift and go to state 58
    ASIGNACION      shift and go to state 59


state 30

    (32) asignacion -> IDENTIFICADOR ASIGNACION . expresion
    (46) expresion -> . expresion_logica
    (47) expresion_logica -> . expresion_relacional
    (48) expresion_logica -> . expresion_logica IGUAL expresion_relacional
    (49) expresion_logica -> . expresion_logica DIFERENTE expresion_relacional
    (50) expresion_relacional -> . expresion_aritmetica
    (51) expresion_relacional -> . expresion_relacional MENOR expresion_aritmetica
    (52) expresion_relacional -> . expresion_relacional MAYOR expresion_aritmetica
    (53) expresion_relacional -> . expresion_relacional MENOR_IGUAL expresion_aritmetica
    (54) expresion_relacional -> . expresion_relacional MAYOR_IGUAL expresion_aritmetica
    (55) expresion_aritmetica -> . termino
    (56) expresion_aritmetica -> . expresion_aritmetica SUMA termino
    (57) expresion_aritmetica -> . expresion_aritmetica RESTA termino
    (58) termino -> . factor
    (59) termino -> . termino MULTIPLICACION factor
    (60) termino -> . termino DIVISION factor
    (61) factor -> . IDENTIFICADOR
    (62) factor -> . NUMERO_ENTERO
    (63) factor -> . NUMERO_DECIMAL
    (64) factor -> . CADENA_TEXTO
    (65) factor -> . BOOLEANO_VERDADERO
    (66) factor -> . BOOLEANO_FALSO
    (67) factor -> . NULO
    (68) factor -> . PARENTESIS_IZQ expresion PARENTESIS_DER
    (69) factor -> . llamada_funcion
    (33) llamada_funcion -> . IDENTIFICADOR PARENTESIS_IZQ argumentos PARENTESIS_DER

    IDENTIFICADOR   shift and go to state 47
    NUMERO_ENTERO   shift and go to state 48
    NUMERO_DECIMAL  shift and go to state 49
    CADENA_TEXTO    shift and go to state 50
    BOOLEANO_VERDADERO shift and go to state 51
    BOOLEANO_FALSO  shift and go to state 52
    NULO            shift and go to state 53
    PARENTESIS_IZQ  shift and go to state 54

    expresion                      shift and go to state 60
    expresion_logica               shift and go to state 42
    expresion_relacional           shift and go to state 43
    expresion_aritmetica           shift and go to state 44
    termino                        shift and go to state 45
    factor                         shift and go to state 46
    llamada_funcion                shift and go to state 55

state 31

    (33) llamada_funcion -> IDENTIFICADOR PARENTESIS_IZQ . argumentos PARENTESIS_DER
    (34) argumentos -> . lista_argumentos
    (35) argumentos -> .
    (36) lista_argumentos -> . lista_argumentos COMA expresion
    (37) lista_argumentos -> . expresion
    (46) expresion -> . expresion_logica
    (47) expresion_logica -> . expresion_relacional
    (48) expresion_logica -> . expresion_logica IGUAL expresion_relacional
    (49) expresion_logica -> . expresion_logica DIFERENTE expresion_relacional
    (50) expresion_relacional -> . expresion_aritmetica
    (51) expresion_relacional -> . expresion_relacional MENOR expresion_aritmetica
    (52) expresion_relacional -> . expresion_relacional MAYOR expresion_aritmetica
    (53) expresion_relacional -> . expresion_relacional MENOR_IGUAL expresion_aritmetica
    (54) expresion_relacional -> . expresion_relacional MAYOR_IGUAL expresion_aritmetica
    (55) expresion_aritmetica -> . termino
    (56) expresion_aritmetica -> . expresion_aritmetica SUMA termino
    (57) expresion_aritmetica -> . expresion_aritmetica RESTA termino
    (58) termino -> . factor
    (59) termino -> . termino MULTIPLICACION factor
    (60) termino -> . termino DIVISION factor
    (61) factor -> . IDENTIFICADOR
    (62) factor -> . NUMERO_ENTERO
    (63) factor -> . NUMERO_DECIMAL
    (64) factor -> . CADENA_TEXTO
    (65) factor -> . BOOLEANO_VERDADERO
    (66) factor -> . BOOLEANO_FALSO
    (67) factor -> . NULO
    (68) factor -> . PARENTESIS_IZQ expresion PARENTESIS_DER
    (69) factor -> . llamada_funcion
    (33) llamada_funcion -> . IDENTIFICADOR PARENTESIS_IZQ argumentos PARENTESIS_DER

    PARENTESIS_DER  reduce using rule 35 (argumentos -> .)
    IDENTIFICADOR   shift and go to state 47
    NUMERO_ENTERO   shift and go to state 48
    NUMERO_DECIMAL  shift and go to state 49
    CADENA_TEXTO    shift and go to state 50
    BOOLEANO_VERDADERO shift and go to state 51
    BOOLEANO_FALSO  shift and go to state 52
    NULO            shift and go to state 53
    PARENTESIS_IZQ  shift and go to state 54

    argumentos                     shift and go to state 61
    lista_argumentos               shift and go to state 62
    expresion                      shift and go to state 63
    expresion_logica               shift and go to state 42
    expresion_relacional           shift and go to state 43
    expresion_aritmetica           shift and go to state 44
    termino                        shift and go to state 45
    factor                         shift and go to state 46
    llamada_funcion                shift and go to state 55

state 32

    (14) declaracion_funcion -> FUNCION IDENTIFICADOR . PARENTESIS_IZQ parametros PARENTESIS_DER bloque

    PARENTESIS_IZQ  shift and go to state 64


state 33

    (24) sentencia -> asignacion PUNTO_COMA .

    FUNCION         reduce using rule 24 (sentencia -> asignacion PUNTO_COMA .)
    TIPO_ENTERO     reduce using rule 24 (sentencia -> asignacion PUNTO_COMA .)
    TIPO_DECIMAL    reduce using rule 24 (sentencia -> asignacion PUNTO_COMA .)
    TIPO_CADENA     reduce using rule 24 (sentencia -> asignacion PUNTO_COMA .)
    TIPO_BOOLEANO   reduce using rule 24 (sentencia -> asignacion PUNTO_COMA .)
    IDENTIFICADOR   reduce using rule 24 (sentencia -> asignacion PUNTO_COMA .)
    SI              reduce using rule 24 (sentencia -> asignacion PUNTO_COMA .)
    MIENTRAS        reduce using rule 24 (sentencia -> asignacion PUNTO_COMA .)
    PARA            reduce using rule 24 (sentencia -> asignacion PUNTO_COMA .)
    RETORNAR        reduce using rule 24 (sentencia -> asignacion PUNTO_COMA .)
    IMPRIMIR        reduce using rule 24 (sentencia -> asignacion PUNTO_COMA .)
    LEER            reduce using rule 24 (sentencia -> asignacion PUNTO_COMA .)
    $end            reduce using rule 24 (sentencia -> asignacion PUNTO_COMA .)
    LLAVE_DER       reduce using rule 24 (sentencia -> asignacion PUNTO_COMA .)


state 34

    (25) sentencia -> llamada_funcion PUNTO_COMA .

    FUNCION         reduce using rule 25 (sentencia -> llamada_funcion PUNTO_COMA .)
    TIPO_ENTERO     reduce using rule 25 (sentencia -> llamada_funcion PUNTO_COMA .)
    TIPO_DECIMAL    reduce using rule 25 (sentencia -> llamada_funcion PUNTO_COMA .)
    TIPO_CADENA     reduce using rule 25 (sentencia -> llamada_funcion PUNTO_COMA .)
    TIPO_BOOLEANO   reduce using rule 25 (sentencia -> llamada_funcion PUNTO_COMA .)
    IDENTIFICADOR   reduce using rule 25 (sentencia -> llamada_funcion PUNTO_COMA .)
    SI              reduce using rule 25 (sentencia -> llamada_funcion PUNTO_COMA .)
    MIENTRAS        reduce using rule 25 (sentencia -> llamada_funcion PUNTO_COMA .)
    PARA            reduce using rule 25 (sentencia -> llamada_funcion PUNTO_COMA .)
    RETORNAR        reduce using rule 25 (sentencia -> llamada_funcion PUNTO_COMA .)
    IMPRIMIR        reduce using rule 25 (sentencia -> llamada_funcion PUNTO_COMA .)
    LEER            reduce using rule 25 (sentencia -> llamada_funcion PUNTO_COMA .)
    $end            reduce using rule 25 (sentencia -> llamada_funcion PUNTO_COMA .)
    LLAVE_DER       reduce using rule 25 (sentencia -> llamada_funcion PUNTO_COMA .)


state 35

    (29) sentencia -> sentencia_retorno PUNTO_COMA .

    FUNCION         reduce using rule 29 (sentencia -> sentencia_retorno PUNTO_COMA .)
    TIPO_ENTERO     reduce using rule 29 (sentencia -> sentencia_retorno PUNTO_COMA .)
    TIPO_DECIMAL    reduce using rule 29 (sentencia -> sentencia_retorno PUNTO_COMA .)
    TIPO_CADENA     reduce using rule 29 (sentencia -> sentencia_retorno PUNTO_COMA .)
    TIPO_BOOLEANO   reduce using rule 29 (sentencia -> sentencia_retorno PUNTO_COMA .)
    IDENTIFICADOR   reduce using rule 29 (sentencia -> sentencia_retorno PUNTO_COMA .)
    SI              reduce using rule 29 (sentencia -> sentencia_retorno PUNTO_COMA .)
    MIENTRAS        reduce using rule 29 (sentencia -> sentencia_retorno PUNTO_COMA .)
    PARA            reduce using rule 29 (sentencia -> sentencia_retorno PUNTO_COMA .)
    RETORNAR        reduce using rule 29 (sentencia -> sentencia_retorno PUNTO_COMA .)
    IMPRIMIR        reduce using rule 29 (sentencia -> sentencia_retorno PUNTO_COMA .)
    LEER            reduce using rule 29 (sentencia -> sentencia_retorno PUNTO_COMA .)
    $end            reduce using rule 29 (sentencia -> sentencia_retorno PUNTO_COMA .)
    LLAVE_DER       reduce using rule 29 (sentencia -> sentencia_retorno PUNTO_COMA .)


state 36

    (30) sentencia -> sentencia_imprimir PUNTO_COMA .

    FUNCION         reduce using rule 30 (sentencia -> sentencia_imprimir PUNTO_COMA .)
    TIPO_ENTERO     reduce using rule 30 (sentencia -> sentencia_imprimir PUNTO_COMA .)
    TIPO_DECIMAL    reduce using rule 30 (sentencia -> sentencia_imprimir PUNTO_COMA .)
    TIPO_CADENA     reduce using rule 30 (sentencia -> sentencia_imprimir PUNTO_COMA .)
    TIPO_BOOLEANO   reduce using rule 30 (sentencia -> sentencia_imprimir PUNTO_COMA .)
    IDENTIFICADOR   reduce using rule 30 (sentencia -> sentencia_imprimir PUNTO_COMA .)
    SI              reduce using rule 30 (sentencia -> sentencia_imprimir PUNTO_COMA .)
    MIENTRAS        reduce using rule 30 (sentencia -> sentencia_imprimir PUNTO_COMA .)
    PARA            reduce using rule 30 (sentencia -> sentencia_imprimir PUNTO_COMA .)
    RETORNAR        reduce using rule 30 (sentencia -> sentencia_imprimir PUNTO_COMA .)
    IMPRIMIR        reduce using rule 30 (sentencia -> sentencia_imprimir PUNTO_COMA .)
    LEER            reduce using rule 30 (sentencia -> sentencia_imprimir PUNTO_COMA .)
    $end            reduce using rule 30 (sentencia -> sentencia_imprimir PUNTO_COMA .)
    LLAVE_DER       reduce using rule 30 (sentencia -> sentencia_imprimir PUNTO_COMA .)


state 37

    (31) sentencia -> sentencia_leer PUNTO_COMA .

    FUNCION         reduce using rule 31 (sentencia -> sentencia_leer PUNTO_COMA .)
    TIPO_ENTERO     reduce using rule 31 (sentencia -> sentencia_leer PUNTO_COMA .)
    TIPO_DECIMAL    reduce using rule 31 (sentencia -> sentencia_leer PUNTO_COMA .)
    TIPO_CADENA     reduce using rule 31 (sentencia -> sentencia_leer PUNTO_COMA .)
    TIPO_BOOLEANO   reduce using rule 31 (sentencia -> sentencia_leer PUNTO_COMA .)
    IDENTIFICADOR   reduce using rule 31 (sentencia -> sentencia_leer PUNTO_COMA .)
    SI              reduce using rule 31 (sentencia -> sentencia_leer PUNTO_COMA .)
    MIENTRAS        reduce using rule 31 (sentencia -> sentencia_leer PUNTO_COMA .)
    PARA            reduce using rule 31 (sentencia -> sentencia_leer PUNTO_COMA .)
    RETORNAR        reduce using rule 31 (sentencia -> sentencia_leer PUNTO_COMA .)
    IMPRIMIR        reduce using rule 31 (sentencia -> sentencia_leer PUNTO_COMA .)
    LEER            reduce using rule 31 (sentencia -> sentencia_leer PUNTO_COMA .)
    $end            reduce using rule 31 (sentencia -> sentencia_leer PUNTO_COMA .)
    LLAVE_DER       reduce using rule 31 (sentencia -> sentencia_leer PUNTO_COMA .)


state 38

    (38) sentencia_si -> SI PARENTESIS_IZQ . expresion PARENTESIS_DER bloque
    (39) sentencia_si -> SI PARENTESIS_IZQ . expresion PARENTESIS_DER bloque SINO bloque
    (46) expresion -> . expresion_logica
    (47) expresion_logica -> . expresion_relacional
    (48) expresion_logica -> . expresion_logica IGUAL expresion_relacional
    (49) expresion_logica -> . expresion_logica DIFERENTE expresion_relacional
    (50) expresion_relacional -> . expresion_aritmetica
    (51) expresion_relacional -> . expresion_relacional MENOR expresion_aritmetica
    (52) expresion_relacional -> . expresion_relacional MAYOR expresion_aritmetica
    (53) expresion_relacional -> . expresion_relacional MENOR_IGUAL expresion_aritmetica
    (54) expresion_relacional -> . expresion_relacional MAYOR_IGUAL expresion_aritmetica
    (55) expresion_aritmetica -> . termino
    (56) expresion_aritmetica -> . expresion_aritmetica SUMA termino
    (57) expresion_aritmetica -> . expresion_aritmetica RESTA termino
    (58) termino -> . factor
    (59) termino -> . termino MULTIPLICACION factor
    (60) termino -> . termino DIVISION factor
    (61) factor -> . IDENTIFICADOR
    (62) factor -> . NUMERO_ENTERO
    (63) factor -> . NUMERO_DECIMAL
    (64) factor -> . CADENA_TEXTO
    (65) factor -> . BOOLEANO_VERDADERO
    (66) factor -> . BOOLEANO_FALSO
    (67) factor -> . NULO
    (68) factor -> . PARENTESIS_IZQ expresion PARENTESIS_DER
    (69) factor -> . llamada_funcion
    (33) llamada_funcion -> . IDENTIFICADOR PARENTESIS_IZQ argumentos PARENTESIS_DER

    IDENTIFICADOR   shift and go to state 47
    NUMERO_ENTERO   shift and go to state 48
    NUMERO_DECIMAL  shift and go to state 49
    CADENA_TEXTO    shift and go to state 50
    BOOLEANO_VERDADERO shift and go to state 51
    BOOLEANO_FALSO  shift and go to state 52
    NULO            shift and go to state 53
    PARENTESIS_IZQ  shift and go to state 54

    expresion                      shift and go to state 65
    expresion_logica               shift and go to state 42
    expresion_relacional           shift and go to state 43
    expresion_aritmetica           shift and go to state 44
    termino                        shift and go to state 45
    factor                         shift and go to state 46
    llamada_funcion                shift and go to state 55

state 39

    (40) sentencia_mientras -> MIENTRAS PARENTESIS_IZQ . expresion PARENTESIS_DER bloque
    (46) expresion -> . expresion_logica
    (47) expresion_logica -> . expresion_relacional
    (48) expresion_logica -> . expresion_logica IGUAL expresion_relacional
    (49) expresion_logica -> . expresion_logica DIFERENTE expresion_relacional
    (50) expresion_relacional -> . expresion_aritmetica
    (51) expresion_relacional -> . expresion_relacional MENOR expresion_aritmetica
    (52) expresion_relacional -> . expresion_relacional MAYOR expresion_aritmetica
    (53) expresion_relacional -> . expresion_relacional MENOR_IGUAL expresion_aritmetica
    (54) expresion_relacional -> . expresion_relacional MAYOR_IGUAL expresion_aritmetica
    (55) expresion_aritmetica -> . termino
    (56) expresion_aritmetica -> . expresion_aritmetica SUMA termino
    (57) expresion_aritmetica -> . expresion_aritmetica RESTA termino
    (58) termino -> . factor
    (59) termino -> . termino MULTIPLICACION factor
    (60) termino -> . termino DIVISION factor
    (61) factor -> . IDENTIFICADOR
    (62) factor -> . NUMERO_ENTERO
    (63) factor -> . NUMERO_DECIMAL
    (64) factor -> . CADENA_TEXTO
    (65) factor -> . BOOLEANO_VERDADERO
    (66) factor -> . BOOLEANO_FALSO
    (67) factor -> . NULO
    (68) factor -> . PARENTESIS_IZQ expresion PARENTESIS_DER
    (69) factor -> . llamada_funcion
    (33) llamada_funcion -> . IDENTIFICADOR PARENTESIS_IZQ argumentos PARENTESIS_DER

    IDENTIFICADOR   shift and go to state 47
    NUMERO_ENTERO   shift and go to state 48
    NUMERO_DECIMAL  shift and go to state 49
    CADENA_TEXTO    shift and go to state 50
    BOOLEANO_VERDADERO shift and go to state 51
    BOOLEANO_FALSO  shift and go to state 52
    NULO            shift and go to state 53
    PARENTESIS_IZQ  shift and go to state 54

    expresion                      shift and go to state 66
    expresion_logica               shift and go to state 42
    expresion_relacional           shift and go to state 43
    expresion_aritmetica           shift and go to state 44
    termino                        shift and go to state 45
    factor                         shift and go to state 46
    llamada_funcion                shift and go to state 55

state 40

    (41) sentencia_para -> PARA PARENTESIS_IZQ . asignacion PUNTO_COMA expresion PUNTO_COMA asignacion PARENTESIS_DER bloque
    (32) asignacion -> . IDENTIFICADOR ASIGNACION expresion

    IDENTIFICADOR   shift and go to state 68

    asignacion                     shift and go to state 67

state 41

    (42) sentencia_retorno -> RETORNAR expresion .

    PUNTO_COMA      reduce using rule 42 (sentencia_retorno -> RETORNAR expresion .)


state 42

    (46) expresion -> expresion_logica .
    (48) expresion_logica -> expresion_logica . IGUAL expresion_relacional
    (49) expresion_logica -> expresion_logica . DIFERENTE expresion_relacional

    PUNTO_COMA      reduce using rule 46 (expresion -> expresion_logica .)
    PARENTESIS_DER  reduce using rule 46 (expresion -> expresion_logica .)
    COMA            reduce using rule 46 (expresion -> expresion_logica .)
    IGUAL           shift and go to state 69
    DIFERENTE       shift and go to state 70


state 43

    (47) expresion_logica -> expresion_relacional .
    (51) expresion_relacional -> expresion_relacional . MENOR expresion_aritmetica
    (52) expresion_relacional -> expresion_relacional . MAYOR expresion_aritmetica
    (53) expresion_relacional -> expresion_relacional . MENOR_IGUAL expresion_aritmetica
    (54) expresion_relacional -> expresion_relacional . MAYOR_IGUAL expresion_aritmetica

    IGUAL           reduce using rule 47 (expresion_logica -> expresion_relacional .)
    DIFERENTE       reduce using rule 47 (expresion_logica -> expresion_relacional .)
    PUNTO_COMA      reduce using rule 47 (expresion_logica -> expresion_relacional .)
    PARENTESIS_DER  reduce using rule 47 (expresion_logica -> expresion_relacional .)
    COMA            reduce using rule 47 (expresion_logica -> expresion_relacional .)
    MENOR           shift and go to state 71
    MAYOR           shift and go to state 72
    MENOR_IGUAL     shift and go to state 73
    MAYOR_IGUAL     shift and go to state 74


state 44

    (50) expresion_relacional -> expresion_aritmetica .
    (56) expresion_aritmetica -> expresion_aritmetica . SUMA termino
    (57) expresion_aritmetica -> expresion_aritmetica . RESTA termino

    MENOR           reduce using rule 50 (expresion_relacional -> expresion_aritmetica .)
    MAYOR           reduce using rule 50 (expresion_relacional -> expresion_aritmetica .)
    MENOR_IGUAL     reduce using rule 50 (expresion_relacional -> expresion_aritmetica .)
    MAYOR_IGUAL     reduce using rule 50 (expresion_relacional -> expresion_aritmetica .)
    IGUAL           reduce using rule 50 (expresion_relacional -> expresion_aritmetica .)
    DIFERENTE       reduce using rule 50 (expresion_relacional -> expresion_aritmetica .)
    PUNTO_COMA      reduce using rule 50 (expresion_relacional -> expresion_aritmetica .)
    PARENTESIS_DER  reduce using rule 50 (expresion_relacional -> expresion_aritmetica .)
    COMA            reduce using rule 50 (expresion_relacional -> expresion_aritmetica .)
    SUMA            shift and go to state 75
    RESTA           shift and go to state 76


state 45

    (55) expresion_aritmetica -> termino .
    (59) termino -> termino . MULTIPLICACION factor
    (60) termino -> termino . DIVISION factor

    SUMA            reduce using rule 55 (expresion_aritmetica -> termino .)
    RESTA           reduce using rule 55 (expresion_aritmetica -> termino .)
    MENOR           reduce using rule 55 (expresion_aritmetica -> termino .)
    MAYOR           reduce using rule 55 (expresion_aritmetica -> termino .)
    MENOR_IGUAL     reduce using rule 55 (expresion_aritmetica -> termino .)
    MAYOR_IGUAL     reduce using rule 55 (expresion_aritmetica -> termino .)
    IGUAL           reduce using rule 55 (expresion_aritmetica -> termino .)
    DIFERENTE       reduce using rule 55 (expresion_aritmetica -> termino .)
    PUNTO_COMA      reduce using rule 55 (expresion_aritmetica -> termino .)
    PARENTESIS_DER  reduce using rule 55 (expresion_aritmetica -> termino .)
    COMA            reduce using rule 55 (expresion_aritmetica -> termino .)
    MULTIPLICACION  shift and go to state 77
    DIVISION        shift and go to state 78


state 46

    (58) termino -> factor .

    MULTIPLICACION  reduce using rule 58 (termino -> factor .)
    DIVISION        reduce using rule 58 (termino -> factor .)
    SUMA            reduce using rule 58 (termino -> factor .)
    RESTA           reduce using rule 58 (termino -> factor .)
    MENOR           reduce using rule 58 (termino -> factor .)
    MAYOR           reduce using rule 58 (termino -> factor .)
    MENOR_IGUAL     reduce using rule 58 (termino -> factor .)
    MAYOR_IGUAL     reduce using rule 58 (termino -> factor .)
    IGUAL           reduce using rule 58 (termino -> factor .)
    DIFERENTE       reduce using rule 58 (termino -> factor .)
    PUNTO_COMA      reduce using rule 58 (termino -> factor .)
    PARENTESIS_DER  reduce using rule 58 (termino -> factor .)
    COMA            reduce using rule 58 (termino -> factor .)


state 47

    (61) factor -> IDENTIFICADOR .
    (33) llamada_funcion -> IDENTIFICADOR . PARENTESIS_IZQ argumentos PARENTESIS_DER

    MULTIPLICACION  reduce using rule 61 (factor -> IDENTIFICADOR .)
    DIVISION        reduce using rule 61 (factor -> IDENTIFICADOR .)
    SUMA            reduce using rule 61 (factor -> IDENTIFICADOR .)
    RESTA           reduce using rule 61 (factor -> IDENTIFICADOR .)
    MENOR           reduce using rule 61 (factor -> IDENTIFICADOR .)
    MAYOR           reduce using rule 61 (factor -> IDENTIFICADOR .)
    MENOR_IGUAL     reduce using rule 61 (factor -> IDENTIFICADOR .)
    MAYOR_IGUAL     reduce using rule 61 (factor -> IDENTIFICADOR .)
    IGUAL           reduce using rule 61 (factor -> IDENTIFICADOR .)
    DIFERENTE       reduce using rule 61 (factor -> IDENTIFICADOR .)
    PUNTO_COMA      reduce using rule 61 (factor -> IDENTIFICADOR .)
    PARENTESIS_DER  reduce using rule 61 (factor -> IDENTIFICADOR .)
    COMA            reduce using rule 61 (factor -> IDENTIFICADOR .)
    PARENTESIS_IZQ  shift and go to state 31


state 48

    (62) factor -> NUMERO_ENTERO .

    MULTIPLICACION  reduce using rule 62 (factor -> NUMERO_ENTERO .)
    DIVISION        reduce using rule 62 (factor -> NUMERO_ENTERO .)
    SUMA            reduce using rule 62 (factor -> NUMERO_ENTERO .)
    RESTA           reduce using rule 62 (factor -> NUMERO_ENTERO .)
    MENOR           reduce using rule 62 (factor -> NUMERO_ENTERO .)
    MAYOR           reduce using rule 62 (factor -> NUMERO_ENTERO .)
    MENOR_IGUAL     reduce using rule 62 (factor -> NUMERO_ENTERO .)
    MAYOR_IGUAL     reduce using rule 62 (factor -> NUMERO_ENTERO .)
    IGUAL           reduce using rule 62 (factor -> NUMERO_ENTERO .)
    DIFERENTE       reduce using rule 62 (factor -> NUMERO_ENTERO .)
    PUNTO_COMA      reduce using rule 62 (factor -> NUMERO_ENTERO .)
    PARENTESIS_DER  reduce using rule 62 (factor -> NUMERO_ENTERO .)
    COMA            reduce using rule 62 (factor -> NUMERO_ENTERO .)


state 49

    (63) factor -> NUMERO_DECIMAL .

    MULTIPLICACION  reduce using rule 63 (factor -> NUMERO_DECIMAL .)
    DIVISION        reduce using rule 63 (factor -> NUMERO_DECIMAL .)
    SUMA            reduce using rule 63 (factor -> NUMERO_DECIMAL .)
    RESTA           reduce using rule 63 (factor -> NUMERO_DECIMAL .)
    MENOR           reduce using rule 63 (factor -> NUMERO_DECIMAL .)
    MAYOR           reduce using rule 63 (factor -> NUMERO_DECIMAL .)
    MENOR_IGUAL     reduce using rule 63 (factor -> NUMERO_DECIMAL .)
    MAYOR_IGUAL     reduce using rule 63 (factor -> NUMERO_DECIMAL .)
    IGUAL           reduce using rule 63 (factor -> NUMERO_DECIMAL .)
    DIFERENTE       reduce using rule 63 (factor -> NUMERO_DECIMAL .)
    PUNTO_COMA      reduce using rule 63 (factor -> NUMERO_DECIMAL .)
    PARENTESIS_DER  reduce using rule 63 (factor -> NUMERO_DECIMAL .)
    COMA            reduce using rule 63 (factor -> NUMERO_DECIMAL .)


state 50

    (64) factor -> CADENA_TEXTO .

    MULTIPLICACION  reduce using rule 64 (factor -> CADENA_TEXTO .)
    DIVISION        reduce using rule 64 (factor -> CADENA_TEXTO .)
    SUMA            reduce using rule 64 (factor -> CADENA_TEXTO .)
    RESTA           reduce using rule 64 (factor -> CADENA_TEXTO .)
    MENOR           reduce using rule 64 (factor -> CADENA_TEXTO .)
    MAYOR           reduce using rule 64 (factor -> CADENA_TEXTO .)
    MENOR_IGUAL     reduce using rule 64 (factor -> CADENA_TEXTO .)
    MAYOR_IGUAL     reduce using rule 64 (factor -> CADENA_TEXTO .)
    IGUAL           reduce using rule 64 (factor -> CADENA_TEXTO .)
    DIFERENTE       reduce using rule 64 (factor -> CADENA_TEXTO .)
    PUNTO_COMA      reduce using rule 64 (factor -> CADENA_TEXTO .)
    PARENTESIS_DER  reduce using rule 64 (factor -> CADENA_TEXTO .)
    COMA            reduce using rule 64 (factor -> CADENA_TEXTO .)


state 51

    (65) factor -> BOOLEANO_VERDADERO .

    MULTIPLICACION  reduce using rule 65 (factor -> BOOLEANO_VERDADERO .)
    DIVISION        reduce using rule 65 (factor -> BOOLEANO_VERDADERO .)
    SUMA            reduce using rule 65 (factor -> BOOLEANO_VERDADERO .)
    RESTA           reduce using rule 65 (factor -> BOOLEANO_VERDADERO .)
    MENOR           reduce using rule 65 (factor -> BOOLEANO_VERDADERO .)
    MAYOR           reduce using rule 65 (factor -> BOOLEANO_VERDADERO .)
    MENOR_IGUAL     reduce using rule 65 (factor -> BOOLEANO_VERDADERO .)
    MAYOR_IGUAL     reduce using rule 65 (factor -> BOOLEANO_VERDADERO .)
    IGUAL           reduce using rule 65 (factor -> BOOLEANO_VERDADERO .)
    DIFERENTE       reduce using rule 65 (factor -> BOOLEANO_VERDADERO .)
    PUNTO_COMA      reduce using rule 65 (factor -> BOOLEANO_VERDADERO .)
    PARENTESIS_DER  reduce using rule 65 (factor -> BOOLEANO_VERDADERO .)
    COMA            reduce using rule 65 (factor -> BOOLEANO_VERDADERO .)


state 52

    (66) factor -> BOOLEANO_FALSO .

    MULTIPLICACION  reduce using rule 66 (factor -> BOOLEANO_FALSO .)
    DIVISION        reduce using rule 66 (factor -> BOOLEANO_FALSO .)
    SUMA            reduce using rule 66 (factor -> BOOLEANO_FALSO .)
    RESTA           reduce using rule 66 (factor -> BOOLEANO_FALSO .)
    MENOR           reduce using rule 66 (factor -> BOOLEANO_FALSO .)
    MAYOR           reduce using rule 66 (factor -> BOOLEANO_FALSO .)
    MENOR_IGUAL     reduce using rule 66 (factor -> BOOLEANO_FALSO .)
    MAYOR_IGUAL     reduce using rule 66 (factor -> BOOLEANO_FALSO .)
    IGUAL           reduce using rule 66 (factor -> BOOLEANO_FALSO .)
    DIFERENTE       reduce using rule 66 (factor -> BOOLEANO_FALSO .)
    PUNTO_COMA      reduce using rule 66 (factor -> BOOLEANO_FALSO .)
    PARENTESIS_DER  reduce using rule 66 (factor -> BOOLEANO_FALSO .)
    COMA            reduce using rule 66 (factor -> BOOLEANO_FALSO .)


state 53

    (67) factor -> NULO .

    MULTIPLICACION  reduce using rule 67 (factor -> NULO .)
    DIVISION        reduce using rule 67 (factor -> NULO .)
    SUMA            reduce using rule 67 (factor -> NULO .)
    RESTA           reduce using rule 67 (factor -> NULO .)
    MENOR           reduce using rule 67 (factor -> NULO .)
    MAYOR           reduce using rule 67 (factor -> NULO .)
    MENOR_IGUAL     reduce using rule 67 (factor -> NULO .)
    MAYOR_IGUAL     reduce using rule 67 (factor -> NULO .)
    IGUAL           reduce using rule 67 (factor -> NULO .)
    DIFERENTE       reduce using rule 67 (factor -> NULO .)
    PUNTO_COMA      reduce using rule 67 (factor -> NULO .)
    PARENTESIS_DER  reduce using rule 67 (factor -> NULO .)
    COMA            reduce using rule 67 (factor -> NULO .)


state 54

    (68) factor -> PARENTESIS_IZQ . expresion PARENTESIS_DER
    (46) expresion -> . expresion_logica
    (47) expresion_logica -> . expresion_relacional
    (48) expresion_logica -> . expresion_logica IGUAL expresion_relacional
    (49) expresion_logica -> . expresion_logica DIFERENTE expresion_relacional
    (50) expresion_relacional -> . expresion_aritmetica
    (51) expresion_relacional -> . expresion_relacional MENOR expresion_aritmetica
    (52) expresion_relacional -> . expresion_relacional MAYOR expresion_aritmetica
    (53) expresion_relacional -> . expresion_relacional MENOR_IGUAL expresion_aritmetica
    (54) expresion_relacional -> . expresion_relacional MAYOR_IGUAL expresion_aritmetica
    (55) expresion_aritmetica -> . termino
    (56) expresion_aritmetica -> . expresion_aritmetica SUMA termino
    (57) expresion_aritmetica -> . expresion_aritmetica RESTA termino
    (58) termino -> . factor
    (59) termino -> . termino MULTIPLICACION factor
    (60) termino -> . termino DIVISION factor
    (61) factor -> . IDENTIFICADOR
    (62) factor -> . NUMERO_ENTERO
    (63) factor -> . NUMERO_DECIMAL
    (64) factor -> . CADENA_TEXTO
    (65) factor -> . BOOLEANO_VERDADERO
    (66) factor -> . BOOLEANO_FALSO
    (67) factor -> . NULO
    (68) factor -> . PARENTESIS_IZQ expresion PARENTESIS_DER
    (69) factor -> . llamada_funcion
    (33) llamada_funcion -> . IDENTIFICADOR PARENTESIS_IZQ argumentos PARENTESIS_DER

    IDENTIFICADOR   shift and go to state 47
    NUMERO_ENTERO   shift and go to state 48
    NUMERO_DECIMAL  shift and go to state 49
    CADENA_TEXTO    shift and go to state 50
    BOOLEANO_VERDADERO shift and go to state 51
    BOOLEANO_FALSO  shift and go to state 52
    NULO            shift and go to state 53
    PARENTESIS_IZQ  shift and go to state 54

    expresion                      shift and go to state 79
    expresion_logica               shift and go to state 42
    expresion_relacional           shift and go to state 43
    expresion_aritmetica           shift and go to state 44
    termino                        shift and go to state 45
    factor                         shift and go to state 46
    llamada_funcion                shift and go to state 55

state 55

    (69) factor -> llamada_funcion .

    MULTIPLICACION  reduce using rule 69 (factor -> llamada_funcion .)
    DIVISION        reduce using rule 69 (factor -> llamada_funcion .)
    SUMA            reduce using rule 69 (factor -> llamada_funcion .)
    RESTA           reduce using rule 69 (factor -> llamada_funcion .)
    MENOR           reduce using rule 69 (factor -> llamada_funcion .)
    MAYOR           reduce using rule 69 (factor -> llamada_funcion .)
    MENOR_IGUAL     reduce using rule 69 (factor -> llamada_funcion .)
    MAYOR_IGUAL     reduce using rule 69 (factor -> llamada_funcion .)
    IGUAL           reduce using rule 69 (factor -> llamada_funcion .)
    DIFERENTE       reduce using rule 69 (factor -> llamada_funcion .)
    PUNTO_COMA      reduce using rule 69 (factor -> llamada_funcion .)
    PARENTESIS_DER  reduce using rule 69 (factor -> llamada_funcion .)
    COMA            reduce using rule 69 (factor -> llamada_funcion .)


state 56

    (44) sentencia_imprimir -> IMPRIMIR PARENTESIS_IZQ . expresion PARENTESIS_DER
    (46) expresion -> . expresion_logica
    (47) expresion_logica -> . expresion_relacional
    (48) expresion_logica -> . expresion_logica IGUAL expresion_relacional
    (49) expresion_logica -> . expresion_logica DIFERENTE expresion_relacional
    (50) expresion_relacional -> . expresion_aritmetica
    (51) expresion_relacional -> . expresion_relacional MENOR expresion_aritmetica
    (52) expresion_relacional -> . expresion_relacional MAYOR expresion_aritmetica
    (53) expresion_relacional -> . expresion_relacional MENOR_IGUAL expresion_aritmetica
    (54) expresion_relacional -> . expresion_relacional MAYOR_IGUAL expresion_aritmetica
    (55) expresion_aritmetica -> . termino
    (56) expresion_aritmetica -> . expresion_aritmetica SUMA termino
    (57) expresion_aritmetica -> . expresion_aritmetica RESTA termino
    (58) termino -> . factor
    (59) termino -> . termino MULTIPLICACION factor
    (60) termino -> . termino DIVISION factor
    (61) factor -> . IDENTIFICADOR
    (62) factor -> . NUMERO_ENTERO
    (63) factor -> . NUMERO_DECIMAL
    (64) factor -> . CADENA_TEXTO
    (65) factor -> . BOOLEANO_VERDADERO
    (66) factor -> . BOOLEANO_FALSO
    (67) factor -> . NULO
    (68) factor -> . PARENTESIS_IZQ expresion PARENTESIS_DER
    (69) factor -> . llamada_funcion
    (33) llamada_funcion -> . IDENTIFICADOR PARENTESIS_IZQ argumentos PARENTESIS_DER

    IDENTIFICADOR   shift and go to state 47
    NUMERO_ENTERO   shift and go to state 48
    NUMERO_DECIMAL  shift and go to state 49
    CADENA_TEXTO    shift and go to state 50
    BOOLEANO_VERDADERO shift and go to state 51
    BOOLEANO_FALSO  shift and go to state 52
    NULO            shift and go to state 53
    PARENTESIS_IZQ  shift and go to state 54

    expresion                      shift and go to state 80
    expresion_logica               shift and go to state 42
    expresion_relacional           shift and go to state 43
    expresion_aritmetica           shift and go to state 44
    termino                        shift and go to state 45
    factor                         shift and go to state 46
    llamada_funcion                shift and go to state 55

state 57

    (45) sentencia_leer -> LEER PARENTESIS_IZQ . IDENTIFICADOR PARENTESIS_DER

    IDENTIFICADOR   shift and go to state 81


state 58

    (8) declaracion_variable -> tipo IDENTIFICADOR PUNTO_COMA .

    FUNCION         reduce using rule 8 (declaracion_variable -> tipo IDENTIFICADOR PUNTO_COMA .)
    TIPO_ENTERO     reduce using rule 8 (declaracion_variable -> tipo IDENTIFICADOR PUNTO_COMA .)
    TIPO_DECIMAL    reduce using rule 8 (declaracion_variable -> tipo IDENTIFICADOR PUNTO_COMA .)
    TIPO_CADENA     reduce using rule 8 (declaracion_variable -> tipo IDENTIFICADOR PUNTO_COMA .)
    TIPO_BOOLEANO   reduce using rule 8 (declaracion_variable -> tipo IDENTIFICADOR PUNTO_COMA .)
    IDENTIFICADOR   reduce using rule 8 (declaracion_variable -> tipo IDENTIFICADOR PUNTO_COMA .)
    SI              reduce using rule 8 (declaracion_variable -> tipo IDENTIFICADOR PUNTO_COMA .)
    MIENTRAS        reduce using rule 8 (declaracion_variable -> tipo IDENTIFICADOR PUNTO_COMA .)
    PARA            reduce using rule 8 (declaracion_variable -> tipo IDENTIFICADOR PUNTO_COMA .)
    RETORNAR        reduce using rule 8 (declaracion_variable -> tipo IDENTIFICADOR PUNTO_COMA .)
    IMPRIMIR        reduce using rule 8 (declaracion_variable -> tipo IDENTIFICADOR PUNTO_COMA .)
    LEER            reduce using rule 8 (declaracion_variable -> tipo IDENTIFICADOR PUNTO_COMA .)
    $end            reduce using rule 8 (declaracion_variable -> tipo IDENTIFICADOR PUNTO_COMA .)


state 59

    (9) declaracion_variable -> tipo IDENTIFICADOR ASIGNACION . expresion PUNTO_COMA
    (46) expresion -> . expresion_logica
    (47) expresion_logica -> . expresion_relacional
    (48) expresion_logica -> . expresion_logica IGUAL expresion_relacional
    (49) expresion_logica -> . expresion_logica DIFERENTE expresion_relacional
    (50) expresion_relacional -> . expresion_aritmetica
    (51) expresion_relacional -> . expresion_relacional MENOR expresion_aritmetica
    (52) expresion_relacional -> . expresion_relacional MAYOR expresion_aritmetica
    (53) expresion_relacional -> . expresion_relacional MENOR_IGUAL expresion_aritmetica
    (54) expresion_relacional -> . expresion_relacional MAYOR_IGUAL expresion_aritmetica
    (55) expresion_aritmetica -> . termino
    (56) expresion_aritmetica -> . expresion_aritmetica SUMA termino
    (57) expresion_aritmetica -> . expresion_aritmetica RESTA termino
    (58) termino -> . factor
    (59) termino -> . termino MULTIPLICACION factor
    (60) termino -> . termino DIVISION factor
    (61) factor -> . IDENTIFICADOR
    (62) factor -> . NUMERO_ENTERO
    (63) factor -> . NUMERO_DECIMAL
    (64) factor -> . CADENA_TEXTO
    (65) factor -> . BOOLEANO_VERDADERO
    (66) factor -> . BOOLEANO_FALSO
    (67) factor -> . NULO
    (68) factor -> . PARENTESIS_IZQ expresion PARENTESIS_DER
    (69) factor -> . llamada_funcion
    (33) llamada_funcion -> . IDENTIFICADOR PARENTESIS_IZQ argumentos PARENTESIS_DER

    IDENTIFICADOR   shift and go to state 47
    NUMERO_ENTERO   shift and go to state 48
    NUMERO_DECIMAL  shift and go to state 49
    CADENA_TEXTO    shift and go to state 50
    BOOLEANO_VERDADERO shift and go to state 51
    BOOLEANO_FALSO  shift and go to state 52
    NULO            shift and go to state 53
    PARENTESIS_IZQ  shift and go to state 54

    expresion                      shift and go to state 82
    expresion_logica               shift and go to state 42
    expresion_relacional           shift and go to state 43
    expresion_aritmetica           shift and go to state 44
    termino                        shift and go to state 45
    factor                         shift and go to state 46
    llamada_funcion                shift and go to state 55

state 60

    (32) asignacion -> IDENTIFICADOR ASIGNACION expresion .

    PUNTO_COMA      reduce using rule 32 (asignacion -> IDENTIFICADOR ASIGNACION expresion .)
    PARENTESIS_DER  reduce using rule 32 (asignacion -> IDENTIFICADOR ASIGNACION expresion .)


state 61

    (33) llamada_funcion -> IDENTIFICADOR PARENTESIS_IZQ argumentos . PARENTESIS_DER

    PARENTESIS_DER  shift and go to state 83


state 62

    (34) argumentos -> lista_argumentos .
    (36) lista_argumentos -> lista_argumentos . COMA expresion

    PARENTESIS_DER  reduce using rule 34 (argumentos -> lista_argumentos .)
    COMA            shift and go to state 84


state 63

    (37) lista_argumentos -> expresion .

    COMA            reduce using rule 37 (lista_argumentos -> expresion .)
    PARENTESIS_DER  reduce using rule 37 (lista_argumentos -> expresion .)


state 64

    (14) declaracion_funcion -> FUNCION IDENTIFICADOR PARENTESIS_IZQ . parametros PARENTESIS_DER bloque
    (15) parametros -> . lista_parametros
    (16) parametros -> .
    (17) lista_parametros -> . lista_parametros COMA parametro
    (18) lista_parametros -> . parametro
    (19) parametro -> . tipo IDENTIFICADOR
    (10) tipo -> . TIPO_ENTERO
    (11) tipo -> . TIPO_DECIMAL
    (12) tipo -> . TIPO_CADENA
    (13) tipo -> . TIPO_BOOLEANO

    PARENTESIS_DER  reduce using rule 16 (parametros -> .)
    TIPO_ENTERO     shift and go to state 18
    TIPO_DECIMAL    shift and go to state 19
    TIPO_CADENA     shift and go to state 20
    TIPO_BOOLEANO   shift and go to state 21

    parametros                     shift and go to state 85
    lista_parametros               shift and go to state 86
    parametro                      shift and go to state 87
    tipo                           shift and go to state 88

state 65

    (38) sentencia_si -> SI PARENTESIS_IZQ expresion . PARENTESIS_DER bloque
    (39) sentencia_si -> SI PARENTESIS_IZQ expresion . PARENTESIS_DER bloque SINO bloque

    PARENTESIS_DER  shift and go to state 89


state 66

    (40) sentencia_mientras -> MIENTRAS PARENTESIS_IZQ expresion . PARENTESIS_DER bloque

    PARENTESIS_DER  shift and go to state 90


state 67

    (41) sentencia_para -> PARA PARENTESIS_IZQ asignacion . PUNTO_COMA expresion PUNTO_COMA asignacion PARENTESIS_DER bloque

    PUNTO_COMA      shift and go to state 91


state 68

    (32) asignacion -> IDENTIFICADOR . ASIGNACION expresion

    ASIGNACION      shift and go to state 30


state 69

    (48) expresion_logica -> expresion_logica IGUAL . expresion_relacional
    (50) expresion_relacional -> . expresion_aritmetica
    (51) expresion_relacional -> . expresion_relacional MENOR expresion_aritmetica
    (52) expresion_relacional -> . expresion_relacional MAYOR expresion_aritmetica
    (53) expresion_relacional -> . expresion_relacional MENOR_IGUAL expresion_aritmetica
    (54) expresion_relacional -> . expresion_relacional MAYOR_IGUAL expresion_aritmetica
    (55) expresion_aritmetica -> . termino
    (56) expresion_aritmetica -> . expresion_aritmetica SUMA termino
    (57) expresion_aritmetica -> . expresion_aritmetica RESTA termino
    (58) termino -> . factor
    (59) termino -> . termino MULTIPLICACION factor
    (60) termino -> . termino DIVISION factor
    (61) factor -> . IDENTIFICADOR
    (62) factor -> . NUMERO_ENTERO
    (63) factor -> . NUMERO_DECIMAL
    (64) factor -> . CADENA_TEXTO
    (65) factor -> . BOOLEANO_VERDADERO
    (66) factor -> . BOOLEANO_FALSO
    (67) factor -> . NULO
    (68) factor -> . PARENTESIS_IZQ expresion PARENTESIS_DER
    (69) factor -> . llamada_funcion
    (33) llamada_funcion -> . IDENTIFICADOR PARENTESIS_IZQ argumentos PARENTESIS_DER

    IDENTIFICADOR   shift and go to state 47
    NUMERO_ENTERO   shift and go to state 48
    NUMERO_DECIMAL  shift and go to state 49
    CADENA_TEXTO    shift and go to state 50
    BOOLEANO_VERDADERO shift and go to state 51
    BOOLEANO_FALSO  shift and go to state 52
    NULO            shift and go to state 53
    PARENTESIS_IZQ  shift and go to state 54

    expresion_relacional           shift and go to state 92
    expresion_aritmetica           shift and go to state 44
    termino                        shift and go to state 45
    factor                         shift and go to state 46
    llamada_funcion                shift and go to state 55

state 70

    (49) expresion_logica -> expresion_logica DIFERENTE . expresion_relacional
    (50) expresion_relacional -> . expresion_aritmetica
    (51) expresion_relacional -> . expresion_relacional MENOR expresion_aritmetica
    (52) expresion_relacional -> . expresion_relacional MAYOR expresion_aritmetica
    (53) expresion_relacional -> . expresion_relacional MENOR_IGUAL expresion_aritmetica
    (54) expresion_relacional -> . expresion_relacional MAYOR_IGUAL expresion_aritmetica
    (55) expresion_aritmetica -> . termino
    (56) expresion_aritmetica -> . expresion_aritmetica SUMA termino
    (57) expresion_aritmetica -> . expresion_aritmetica RESTA termino
    (58) termino -> . factor
    (59) termino -> . termino MULTIPLICACION factor
    (60) termino -> . termino DIVISION factor
    (61) factor -> . IDENTIFICADOR
    (62) factor -> . NUMERO_ENTERO
    (63) factor -> . NUMERO_DECIMAL
    (64) factor -> . CADENA_TEXTO
    (65) factor -> . BOOLEANO_VERDADERO
    (66) factor -> . BOOLEANO_FALSO
    (67) factor -> . NULO
    (68) factor -> . PARENTESIS_IZQ expresion PARENTESIS_DER
    (69) factor -> . llamada_funcion
    (33) llamada_funcion -> . IDENTIFICADOR PARENTESIS_IZQ argumentos PARENTESIS_DER

    IDENTIFICADOR   shift and go to state 47
    NUMERO_ENTERO   shift and go to state 48
    NUMERO_DECIMAL  shift and go to state 49
    CADENA_TEXTO    shift and go to state 50
    BOOLEANO_VERDADERO shift and go to state 51
    BOOLEANO_FALSO  shift and go to state 52
    NULO            shift and go to state 53
    PARENTESIS_IZQ  shift and go to state 54

    expresion_relacional           shift and go to state 93
    expresion_aritmetica           shift and go to state 44
    termino                        shift and go to state 45
    factor                         shift and go to state 46
    llamada_funcion                shift and go to state 55

state 71

    (51) expresion_relacional -> expresion_relacional MENOR . expresion_aritmetica
    (55) expresion_aritmetica -> . termino
    (56) expresion_aritmetica -> . expresion_aritmetica SUMA termino
    (57) expresion_aritmetica -> . expresion_aritmetica RESTA termino
    (58) termino -> . factor
    (59) termino -> . termino MULTIPLICACION factor
    (60) termino -> . termino DIVISION factor
    (61) factor -> . IDENTIFICADOR
    (62) factor -> . NUMERO_ENTERO
    (63) factor -> . NUMERO_DECIMAL
    (64) factor -> . CADENA_TEXTO
    (65) factor -> . BOOLEANO_VERDADERO
    (66) factor -> . BOOLEANO_FALSO
    (67) factor -> . NULO
    (68) factor -> . PARENTESIS_IZQ expresion PARENTESIS_DER
    (69) factor -> . llamada_funcion
    (33) llamada_funcion -> . IDENTIFICADOR PARENTESIS_IZQ argumentos PARENTESIS_DER

    IDENTIFICADOR   shift and go to state 47
    NUMERO_ENTERO   shift and go to state 48
    NUMERO_DECIMAL  shift and go to state 49
    CADENA_TEXTO    shift and go to state 50
    BOOLEANO_VERDADERO shift and go to state 51
    BOOLEANO_FALSO  shift and go to state 52
    NULO            shift and go to state 53
    PARENTESIS_IZQ  shift and go to state 54

    expresion_aritmetica           shift and go to state 94
    termino                        shift and go to state 45
    factor                         shift and go to state 46
    llamada_funcion                shift and go to state 55

state 72

    (52) expresion_relacional -> expresion_relacional MAYOR . expresion_aritmetica
    (55) expresion_aritmetica -> . termino
    (56) expresion_aritmetica -> . expresion_aritmetica SUMA termino
    (57) expresion_aritmetica -> . expresion_aritmetica RESTA termino
    (58) termino -> . factor
    (59) termino -> . termino MULTIPLICACION factor
    (60) termino -> . termino DIVISION factor
    (61) factor -> . IDENTIFICADOR
    (62) factor -> . NUMERO_ENTERO
    (63) factor -> . NUMERO_DECIMAL
    (64) factor -> . CADENA_TEXTO
    (65) factor -> . BOOLEANO_VERDADERO
    (66) factor -> . BOOLEANO_FALSO
    (67) factor -> . NULO
    (68) factor -> . PARENTESIS_IZQ expresion PARENTESIS_DER
    (69) factor -> . llamada_funcion
    (33) llamada_funcion -> . IDENTIFICADOR PARENTESIS_IZQ argumentos PARENTESIS_DER

    IDENTIFICADOR   shift and go to state 47
    NUMERO_ENTERO   shift and go to state 48
    NUMERO_DECIMAL  shift and go to state 49
    CADENA_TEXTO    shift and go to state 50
    BOOLEANO_VERDADERO shift and go to state 51
    BOOLEANO_FALSO  shift and go to state 52
    NULO            shift and go to state 53
    PARENTESIS_IZQ  shift and go to state 54

    expresion_aritmetica           shift and go to state 95
    termino                        shift and go to state 45
    factor                         shift and go to state 46
    llamada_funcion                shift and go to state 55

state 73

    (53) expresion_relacional -> expresion_relacional MENOR_IGUAL . expresion_aritmetica
    (55) expresion_aritmetica -> . termino
    (56) expresion_aritmetica -> . expresion_aritmetica SUMA termino
    (57) expresion_aritmetica -> . expresion_aritmetica RESTA termino
    (58) termino -> . factor
    (59) termino -> . termino MULTIPLICACION factor
    (60) termino -> . termino DIVISION factor
    (61) factor -> . IDENTIFICADOR
    (62) factor -> . NUMERO_ENTERO
    (63) factor -> . NUMERO_DECIMAL
    (64) factor -> . CADENA_TEXTO
    (65) factor -> . BOOLEANO_VERDADERO
    (66) factor -> . BOOLEANO_FALSO
    (67) factor -> . NULO
    (68) factor -> . PARENTESIS_IZQ expresion PARENTESIS_DER
    (69) factor -> . llamada_funcion
    (33) llamada_funcion -> . IDENTIFICADOR PARENTESIS_IZQ argumentos PARENTESIS_DER

    IDENTIFICADOR   shift and go to state 47
    NUMERO_ENTERO   shift and go to state 48
    NUMERO_DECIMAL  shift and go to state 49
    CADENA_TEXTO    shift and go to state 50
    BOOLEANO_VERDADERO shift and go to state 51
    BOOLEANO_FALSO  shift and go to state 52
    NULO            shift and go to state 53
    PARENTESIS_IZQ  shift and go to state 54

    expresion_aritmetica           shift and go to state 96
    termino                        shift and go to state 45
    factor                         shift and go to state 46
    llamada_funcion                shift and go to state 55

state 74

    (54) expresion_relacional -> expresion_relacional MAYOR_IGUAL . expresion_aritmetica
    (55) expresion_aritmetica -> . termino
    (56) expresion_aritmetica -> . expresion_aritmetica SUMA termino
    (57) expresion_aritmetica -> . expresion_aritmetica RESTA termino
    (58) termino -> . factor
    (59) termino -> . termino MULTIPLICACION factor
    (60) termino -> . termino DIVISION factor
    (61) factor -> . IDENTIFICADOR
    (62) factor -> . NUMERO_ENTERO
    (63) factor -> . NUMERO_DECIMAL
    (64) factor -> . CADENA_TEXTO
    (65) factor -> . BOOLEANO_VERDADERO
    (66) factor -> . BOOLEANO_FALSO
    (67) factor -> . NULO
    (68) factor -> . PARENTESIS_IZQ expresion PARENTESIS_DER
    (69) factor -> . llamada_funcion
    (33) llamada_funcion -> . IDENTIFICADOR PARENTESIS_IZQ argumentos PARENTESIS_DER

    IDENTIFICADOR   shift and go to state 47
    NUMERO_ENTERO   shift and go to state 48
    NUMERO_DECIMAL  shift and go to state 49
    CADENA_TEXTO    shift and go to state 50
    BOOLEANO_VERDADERO shift and go to state 51
    BOOLEANO_FALSO  shift and go to state 52
    NULO            shift and go to state 53
    PARENTESIS_IZQ  shift and go to state 54

    expresion_aritmetica           shift and go to state 97
    termino                        shift and go to state 45
    factor                         shift and go to state 46
    llamada_funcion                shift and go to state 55

state 75

    (56) expresion_aritmetica -> expresion_aritmetica SUMA . termino
    (58) termino -> . factor
    (59) termino -> . termino MULTIPLICACION factor
    (60) termino -> . termino DIVISION factor
    (61) factor -> . IDENTIFICADOR
    (62) factor -> . NUMERO_ENTERO
    (63) factor -> . NUMERO_DECIMAL
    (64) factor -> . CADENA_TEXTO
    (65) factor -> . BOOLEANO_VERDADERO
    (66) factor -> . BOOLEANO_FALSO
    (67) factor -> . NULO
    (68) factor -> . PARENTESIS_IZQ expresion PARENTESIS_DER
    (69) factor -> . llamada_funcion
    (33) llamada_funcion -> . IDENTIFICADOR PARENTESIS_IZQ argumentos PARENTESIS_DER

    IDENTIFICADOR   shift and go to state 47
    NUMERO_ENTERO   shift and go to state 48
    NUMERO_DECIMAL  shift and go to state 49
    CADENA_TEXTO    shift and go to state 50
    BOOLEANO_VERDADERO shift and go to state 51
    BOOLEANO_FALSO  shift and go to state 52
    NULO            shift and go to state 53
    PARENTESIS_IZQ  shift and go to state 54

    termino                        shift and go to state 98
    factor                         shift and go to state 46
    llamada_funcion                shift and go to state 55

state 76

    (57) expresion_aritmetica -> expresion_aritmetica RESTA . termino
    (58) termino -> . factor
    (59) termino -> . termino MULTIPLICACION factor
    (60) termino -> . termino DIVISION factor
    (61) factor -> . IDENTIFICADOR
    (62) factor -> . NUMERO_ENTERO
    (63) factor -> . NUMERO_DECIMAL
    (64) factor -> . CADENA_TEXTO
    (65) factor -> . BOOLEANO_VERDADERO
    (66) factor -> . BOOLEANO_FALSO
    (67) factor -> . NULO
    (68) factor -> . PARENTESIS_IZQ expresion PARENTESIS_DER
    (69) factor -> . llamada_funcion
    (33) llamada_funcion -> . IDENTIFICADOR PARENTESIS_IZQ argumentos PARENTESIS_DER

    IDENTIFICADOR   shift and go to state 47
    NUMERO_ENTERO   shift and go to state 48
    NUMERO_DECIMAL  shift and go to state 49
    CADENA_TEXTO    shift and go to state 50
    BOOLEANO_VERDADERO shift and go to state 51
    BOOLEANO_FALSO  shift and go to state 52
    NULO            shift and go to state 53
    PARENTESIS_IZQ  shift and go to state 54

    termino                        shift and go to state 99
    factor                         shift and go to state 46
    llamada_funcion                shift and go to state 55

state 77

    (59) termino -> termino MULTIPLICACION . factor
    (61) factor -> . IDENTIFICADOR
    (62) factor -> . NUMERO_ENTERO
    (63) factor -> . NUMERO_DECIMAL
    (64) factor -> . CADENA_TEXTO
    (65) factor -> . BOOLEANO_VERDADERO
    (66) factor -> . BOOLEANO_FALSO
    (67) factor -> . NULO
    (68) factor -> . PARENTESIS_IZQ expresion PARENTESIS_DER
    (69) factor -> . llamada_funcion
    (33) llamada_funcion -> . IDENTIFICADOR PARENTESIS_IZQ argumentos PARENTESIS_DER

    IDENTIFICADOR   shift and go to state 47
    NUMERO_ENTERO   shift and go to state 48
    NUMERO_DECIMAL  shift and go to state 49
    CADENA_TEXTO    shift and go to state 50
    BOOLEANO_VERDADERO shift and go to state 51
    BOOLEANO_FALSO  shift and go to state 52
    NULO            shift and go to state 53
    PARENTESIS_IZQ  shift and go to state 54

    factor                         shift and go to state 100
    llamada_funcion                shift and go to state 55

state 78

    (60) termino -> termino DIVISION . factor
    (61) factor -> . IDENTIFICADOR
    (62) factor -> . NUMERO_ENTERO
    (63) factor -> . NUMERO_DECIMAL
    (64) factor -> . CADENA_TEXTO
    (65) factor -> . BOOLEANO_VERDADERO
    (66) factor -> . BOOLEANO_FALSO
    (67) factor -> . NULO
    (68) factor -> . PARENTESIS_IZQ expresion PARENTESIS_DER
    (69) factor -> . llamada_funcion
    (33) llamada_funcion -> . IDENTIFICADOR PARENTESIS_IZQ argumentos PARENTESIS_DER

    IDENTIFICADOR   shift and go to state 47
    NUMERO_ENTERO   shift and go to state 48
    NUMERO_DECIMAL  shift and go to state 49
    CADENA_TEXTO    shift and go to state 50
    BOOLEANO_VERDADERO shift and go to state 51
    BOOLEANO_FALSO  shift and go to state 52
    NULO            shift and go to state 53
    PARENTESIS_IZQ  shift and go to state 54

    factor                         shift and go to state 101
    llamada_funcion                shift and go to state 55

state 79

    (68) factor -> PARENTESIS_IZQ expresion . PARENTESIS_DER

    PARENTESIS_DER  shift and go to state 102


state 80

    (44) sentencia_imprimir -> IMPRIMIR PARENTESIS_IZQ expresion . PARENTESIS_DER

    PARENTESIS_DER  shift and go to state 103


state 81

    (45) sentencia_leer -> LEER PARENTESIS_IZQ IDENTIFICADOR . PARENTESIS_DER

    PARENTESIS_DER  shift and go to state 104


state 82

    (9) declaracion_variable -> tipo IDENTIFICADOR ASIGNACION expresion . PUNTO_COMA

    PUNTO_COMA      shift and go to state 105


state 83

    (33) llamada_funcion -> IDENTIFICADOR PARENTESIS_IZQ argumentos PARENTESIS_DER .

    PUNTO_COMA      reduce using rule 33 (llamada_funcion -> IDENTIFICADOR PARENTESIS_IZQ argumentos PARENTESIS_DER .)
    MULTIPLICACION  reduce using rule 33 (llamada_funcion -> IDENTIFICADOR PARENTESIS_IZQ argumentos PARENTESIS_DER .)
    DIVISION        reduce using rule 33 (llamada_funcion -> IDENTIFICADOR PARENTESIS_IZQ argumentos PARENTESIS_DER .)
    SUMA            reduce using rule 33 (llamada_funcion -> IDENTIFICADOR PARENTESIS_IZQ argumentos PARENTESIS_DER .)
    RESTA           reduce using rule 33 (llamada_funcion -> IDENTIFICADOR PARENTESIS_IZQ argumentos PARENTESIS_DER .)
    MENOR           reduce using rule 33 (llamada_funcion -> IDENTIFICADOR PARENTESIS_IZQ argumentos PARENTESIS_DER .)
    MAYOR           reduce using rule 33 (llamada_funcion -> IDENTIFICADOR PARENTESIS_IZQ argumentos PARENTESIS_DER .)
    MENOR_IGUAL     reduce using rule 33 (llamada_funcion -> IDENTIFICADOR PARENTESIS_IZQ argumentos PARENTESIS_DER .)
    MAYOR_IGUAL     reduce using rule 33 (llamada_funcion -> IDENTIFICADOR PARENTESIS_IZQ argumentos PARENTESIS_DER .)
    IGUAL           reduce using rule 33 (llamada_funcion -> IDENTIFICADOR PARENTESIS_IZQ argumentos PARENTESIS_DER .)
    DIFERENTE       reduce using rule 33 (llamada_funcion -> IDENTIFICADOR PARENTESIS_IZQ argumentos PARENTESIS_DER .)
    PARENTESIS_DER  reduce using rule 33 (llamada_funcion -> IDENTIFICADOR PARENTESIS_IZQ argumentos PARENTESIS_DER .)
    COMA            reduce using rule 33 (llamada_funcion -> IDENTIFICADOR PARENTESIS_IZQ argumentos PARENTESIS_DER .)


state 84

    (36) lista_argumentos -> lista_argumentos COMA . expresion
    (46) expresion -> . expresion_logica
    (47) expresion_logica -> . expresion_relacional
    (48) expresion_logica -> . expresion_logica IGUAL expresion_relacional
    (49) expresion_logica -> . expresion_logica DIFERENTE expresion_relacional
    (50) expresion_relacional -> . expresion_aritmetica
    (51) expresion_relacional -> . expresion_relacional MENOR expresion_aritmetica
    (52) expresion_relacional -> . expresion_relacional MAYOR expresion_aritmetica
    (53) expresion_relacional -> . expresion_relacional MENOR_IGUAL expresion_aritmetica
    (54) expresion_relacional -> . expresion_relacional MAYOR_IGUAL expresion_aritmetica
    (55) expresion_aritmetica -> . termino
    (56) expresion_aritmetica -> . expresion_aritmetica SUMA termino
    (57) expresion_aritmetica -> . expresion_aritmetica RESTA termino
    (58) termino -> . factor
    (59) termino -> . termino MULTIPLICACION factor
    (60) termino -> . termino DIVISION factor
    (61) factor -> . IDENTIFICADOR
    (62) factor -> . NUMERO_ENTERO
    (63) factor -> . NUMERO_DECIMAL
    (64) factor -> . CADENA_TEXTO
    (65) factor -> . BOOLEANO_VERDADERO
    (66) factor -> . BOOLEANO_FALSO
    (67) factor -> . NULO
    (68) factor -> . PARENTESIS_IZQ expresion PARENTESIS_DER
    (69) factor -> . llamada_funcion
    (33) llamada_funcion -> . IDENTIFICADOR PARENTESIS_IZQ argumentos PARENTESIS_DER

    IDENTIFICADOR   shift and go to state 47
    NUMERO_ENTERO   shift and go to state 48
    NUMERO_DECIMAL  shift and go to state 49
    CADENA_TEXTO    shift and go to state 50
    BOOLEANO_VERDADERO shift and go to state 51
    BOOLEANO_FALSO  shift and go to state 52
    NULO            shift and go to state 53
    PARENTESIS_IZQ  shift and go to state 54

    expresion                      shift and go to state 106
    expresion_logica               shift and go to state 42
    expresion_relacional           shift and go to state 43
    expresion_aritmetica           shift and go to state 44
    termino                        shift and go to state 45
    factor                         shift and go to state 46
    llamada_funcion                shift and go to state 55

state 85

    (14) declaracion_funcion -> FUNCION IDENTIFICADOR PARENTESIS_IZQ parametros . PARENTESIS_DER bloque

    PARENTESIS_DER  shift and go to state 107


state 86

    (15) parametros -> lista_parametros .
    (17) lista_parametros -> lista_parametros . COMA parametro

    PARENTESIS_DER  reduce using rule 15 (parametros -> lista_parametros .)
    COMA            shift and go to state 108


state 87

    (18) lista_parametros -> parametro .

    COMA            reduce using rule 18 (lista_parametros -> parametro .)
    PARENTESIS_DER  reduce using rule 18 (lista_parametros -> parametro .)


state 88

    (19) parametro -> tipo . IDENTIFICADOR

    IDENTIFICADOR   shift and go to state 109


state 89

    (38) sentencia_si -> SI PARENTESIS_IZQ expresion PARENTESIS_DER . bloque
    (39) sentencia_si -> SI PARENTESIS_IZQ expresion PARENTESIS_DER . bloque SINO bloque
    (20) bloque -> . LLAVE_IZQ sentencias LLAVE_DER

    LLAVE_IZQ       shift and go to state 111

    bloque                         shift and go to state 110

state 90

    (40) sentencia_mientras -> MIENTRAS PARENTESIS_IZQ expresion PARENTESIS_DER . bloque
    (20) bloque -> . LLAVE_IZQ sentencias LLAVE_DER

    LLAVE_IZQ       shift and go to state 111

    bloque                         shift and go to state 112

state 91

    (41) sentencia_para -> PARA PARENTESIS_IZQ asignacion PUNTO_COMA . expresion PUNTO_COMA asignacion PARENTESIS_DER bloque
    (46) expresion -> . expresion_logica
    (47) expresion_logica -> . expresion_relacional
    (48) expresion_logica -> . expresion_logica IGUAL expresion_relacional
    (49) expresion_logica -> . expresion_logica DIFERENTE expresion_relacional
    (50) expresion_relacional -> . expresion_aritmetica
    (51) expresion_relacional -> . expresion_relacional MENOR expresion_aritmetica
    (52) expresion_relacional -> . expresion_relacional MAYOR expresion_aritmetica
    (53) expresion_relacional -> . expresion_relacional MENOR_IGUAL expresion_aritmetica
    (54) expresion_relacional -> . expresion_relacional MAYOR_IGUAL expresion_aritmetica
    (55) expresion_aritmetica -> . termino
    (56) expresion_aritmetica -> . expresion_aritmetica SUMA termino
    (57) expresion_aritmetica -> . expresion_aritmetica RESTA termino
    (58) termino -> . factor
    (59) termino -> . termino MULTIPLICACION factor
    (60) termino -> . termino DIVISION factor
    (61) factor -> . IDENTIFICADOR
    (62) factor -> . NUMERO_ENTERO
    (63) factor -> . NUMERO_DECIMAL
    (64) factor -> . CADENA_TEXTO
    (65) factor -> . BOOLEANO_VERDADERO
    (66) factor -> . BOOLEANO_FALSO
    (67) factor -> . NULO
    (68) factor -> . PARENTESIS_IZQ expresion PARENTESIS_DER
    (69) factor -> . llamada_funcion
    (33) llamada_funcion -> . IDENTIFICADOR PARENTESIS_IZQ argumentos PARENTESIS_DER

    IDENTIFICADOR   shift and go to state 47
    NUMERO_ENTERO   shift and go to state 48
    NUMERO_DECIMAL  shift and go to state 49
    CADENA_TEXTO    shift and go to state 50
    BOOLEANO_VERDADERO shift and go to state 51
    BOOLEANO_FALSO  shift and go to state 52
    NULO            shift and go to state 53
    PARENTESIS_IZQ  shift and go to state 54

    expresion                      shift and go to state 113
    expresion_logica               shift and go to state 42
    expresion_relacional           shift and go to state 43
    expresion_aritmetica           shift and go to state 44
    termino                        shift and go to state 45
    factor                         shift and go to state 46
    llamada_funcion                shift and go to state 55

state 92

    (48) expresion_logica -> expresion_logica IGUAL expresion_relacional .
    (51) expresion_relacional -> expresion_relacional . MENOR expresion_aritmetica
    (52) expresion_relacional -> expresion_relacional . MAYOR expresion_aritmetica
    (53) expresion_relacional -> expresion_relacional . MENOR_IGUAL expresion_aritmetica
    (54) expresion_relacional -> expresion_relacional . MAYOR_IGUAL expresion_aritmetica

    IGUAL           reduce using rule 48 (expresion_logica -> expresion_logica IGUAL expresion_relacional .)
    DIFERENTE       reduce using rule 48 (expresion_logica -> expresion_logica IGUAL expresion_relacional .)
    PUNTO_COMA      reduce using rule 48 (expresion_logica -> expresion_logica IGUAL expresion_relacional .)
    PARENTESIS_DER  reduce using rule 48 (expresion_logica -> expresion_logica IGUAL expresion_relacional .)
    COMA            reduce using rule 48 (expresion_logica -> expresion_logica IGUAL expresion_relacional .)
    MENOR           shift and go to state 71
    MAYOR           shift and go to state 72
    MENOR_IGUAL     shift and go to state 73
    MAYOR_IGUAL     shift and go to state 74


state 93

    (49) expresion_logica -> expresion_logica DIFERENTE expresion_relacional .
    (51) expresion_relacional -> expresion_relacional . MENOR expresion_aritmetica
    (52) expresion_relacional -> expresion_relacional . MAYOR expresion_aritmetica
    (53) expresion_relacional -> expresion_relacional . MENOR_IGUAL expresion_aritmetica
    (54) expresion_relacional -> expresion_relacional . MAYOR_IGUAL expresion_aritmetica

    IGUAL           reduce using rule 49 (expresion_logica -> expresion_logica DIFERENTE expresion_relacional .)
    DIFERENTE       reduce using rule 49 (expresion_logica -> expresion_logica DIFERENTE expresion_relacional .)
    PUNTO_COMA      reduce using rule 49 (expresion_logica -> expresion_logica DIFERENTE expresion_relacional .)
    PARENTESIS_DER  reduce using rule 49 (expresion_logica -> expresion_logica DIFERENTE expresion_relacional .)
    COMA            reduce using rule 49 (expresion_logica -> expresion_logica DIFERENTE expresion_relacional .)
    MENOR           shift and go to state 71
    MAYOR           shift and go to state 72
    MENOR_IGUAL     shift and go to state 73
    MAYOR_IGUAL     shift and go to state 74


state 94

    (51) expresion_relacional -> expresion_relacional MENOR expresion_aritmetica .
    (56) expresion_aritmetica -> expresion_aritmetica . SUMA termino
    (57) expresion_aritmetica -> expresion_aritmetica . RESTA termino

    MENOR           reduce using rule 51 (expresion_relacional -> expresion_relacional MENOR expresion_aritmetica .)
    MAYOR           reduce using rule 51 (expresion_relacional -> expresion_relacional MENOR expresion_aritmetica .)
    MENOR_IGUAL     reduce using rule 51 (expresion_relacional -> expresion_relacional MENOR expresion_aritmetica .)
    MAYOR_IGUAL     reduce using rule 51 (expresion_relacional -> expresion_relacional MENOR expresion_aritmetica .)
    IGUAL           reduce using rule 51 (expresion_relacional -> expresion_relacional MENOR expresion_aritmetica .)
    DIFERENTE       reduce using rule 51 (expresion_relacional -> expresion_relacional MENOR expresion_aritmetica .)
    PUNTO_COMA      reduce using rule 51 (expresion_relacional -> expresion_relacional MENOR expresion_aritmetica .)
    PARENTESIS_DER  reduce using rule 51 (expresion_relacional -> expresion_relacional MENOR expresion_aritmetica .)
    COMA            reduce using rule 51 (expresion_relacional -> expresion_relacional MENOR expresion_aritmetica .)
    SUMA            shift and go to state 75
    RESTA           shift and go to state 76


state 95

    (52) expresion_relacional -> expresion_relacional MAYOR expresion_aritmetica .
    (56) expresion_aritmetica -> expresion_aritmetica . SUMA termino
    (57) expresion_aritmetica -> expresion_aritmetica . RESTA termino

    MENOR           reduce using rule 52 (expresion_relacional -> expresion_relacional MAYOR expresion_aritmetica .)
    MAYOR           reduce using rule 52 (expresion_relacional -> expresion_relacional MAYOR expresion_aritmetica .)
    MENOR_IGUAL     reduce using rule 52 (expresion_relacional -> expresion_relacional MAYOR expresion_aritmetica .)
    MAYOR_IGUAL     reduce using rule 52 (expresion_relacional -> expresion_relacional MAYOR expresion_aritmetica .)
    IGUAL           reduce using rule 52 (expresion_relacional -> expresion_relacional MAYOR expresion_aritmetica .)
    DIFERENTE       reduce using rule 52 (expresion_relacional -> expresion_relacional MAYOR expresion_aritmetica .)
    PUNTO_COMA      reduce using rule 52 (expresion_relacional -> expresion_relacional MAYOR expresion_aritmetica .)
    PARENTESIS_DER  reduce using rule 52 (expresion_relacional -> expresion_relacional MAYOR expresion_aritmetica .)
    COMA            reduce using rule 52 (expresion_relacional -> expresion_relacional MAYOR expresion_aritmetica .)
    SUMA            shift and go to state 75
    RESTA           shift and go to state 76


state 96

    (53) expresion_relacional -> expresion_relacional MENOR_IGUAL expresion_aritmetica .
    (56) expresion_aritmetica -> expresion_aritmetica . SUMA termino
    (57) expresion_aritmetica -> expresion_aritmetica . RESTA termino

    MENOR           reduce using rule 53 (expresion_relacional -> expresion_relacional MENOR_IGUAL expresion_aritmetica .)
    MAYOR           reduce using rule 53 (expresion_relacional -> expresion_relacional MENOR_IGUAL expresion_aritmetica .)
    MENOR_IGUAL     reduce using rule 53 (expresion_relacional -> expresion_relacional MENOR_IGUAL expresion_aritmetica .)
    MAYOR_IGUAL     reduce using rule 53 (expresion_relacional -> expresion_relacional MENOR_IGUAL expresion_aritmetica .)
    IGUAL           reduce using rule 53 (expresion_relacional -> expresion_relacional MENOR_IGUAL expresion_aritmetica .)
    DIFERENTE       reduce using rule 53 (expresion_relacional -> expresion_relacional MENOR_IGUAL expresion_aritmetica .)
    PUNTO_COMA      reduce using rule 53 (expresion_relacional -> expresion_relacional MENOR_IGUAL expresion_aritmetica .)
    PARENTESIS_DER  reduce using rule 53 (expresion_relacional -> expresion_relacional MENOR_IGUAL expresion_aritmetica .)
    COMA            reduce using rule 53 (expresion_relacional -> expresion_relacional MENOR_IGUAL expresion_aritmetica .)
    SUMA            shift and go to state 75
    RESTA           shift and go to state 76


state 97

    (54) expresion_relacional -> expresion_relacional MAYOR_IGUAL expresion_aritmetica .
    (56) expresion_aritmetica -> expresion_aritmetica . SUMA termino
    (57) expresion_aritmetica -> expresion_aritmetica . RESTA termino

    MENOR           reduce using rule 54 (expresion_relacional -> expresion_relacional MAYOR_IGUAL expresion_aritmetica .)
    MAYOR           reduce using rule 54 (expresion_relacional -> expresion_relacional MAYOR_IGUAL expresion_aritmetica .)
    MENOR_IGUAL     reduce using rule 54 (expresion_relacional -> expresion_relacional MAYOR_IGUAL expresion_aritmetica .)
    MAYOR_IGUAL     reduce using rule 54 (expresion_relacional -> expresion_relacional MAYOR_IGUAL expresion_aritmetica .)
    IGUAL           reduce using rule 54 (expresion_relacional -> expresion_relacional MAYOR_IGUAL expresion_aritmetica .)
    DIFERENTE       reduce using rule 54 (expresion_relacional -> expresion_relacional MAYOR_IGUAL expresion_aritmetica .)
    PUNTO_COMA      reduce using rule 54 (expresion_relacional -> expresion_relacional MAYOR_IGUAL expresion_aritmetica .)
    PARENTESIS_DER  reduce using rule 54 (expresion_relacional -> expresion_relacional MAYOR_IGUAL expresion_aritmetica .)
    COMA            reduce using rule 54 (expresion_relacional -> expresion_relacional MAYOR_IGUAL expresion_aritmetica .)
    SUMA            shift and go to state 75
    RESTA           shift and go to state 76


state 98

    (56) expresion_aritmetica -> expresion_aritmetica SUMA termino .
    (59) termino -> termino . MULTIPLICACION factor
    (60) termino -> termino . DIVISION factor

    SUMA            reduce using rule 56 (expresion_aritmetica -> expresion_aritmetica SUMA termino .)
    RESTA           reduce using rule 56 (expresion_aritmetica -> expresion_aritmetica SUMA termino .)
    MENOR           reduce using rule 56 (expresion_aritmetica -> expresion_aritmetica SUMA termino .)
    MAYOR           reduce using rule 56 (expresion_aritmetica -> expresion_aritmetica SUMA termino .)
    MENOR_IGUAL     reduce using rule 56 (expresion_aritmetica -> expresion_aritmetica SUMA termino .)
    MAYOR_IGUAL     reduce using rule 56 (expresion_aritmetica -> expresion_aritmetica SUMA termino .)
    IGUAL           reduce using rule 56 (expresion_aritmetica -> expresion_aritmetica SUMA termino .)
    DIFERENTE       reduce using rule 56 (expresion_aritmetica -> expresion_aritmetica SUMA termino .)
    PUNTO_COMA      reduce using rule 56 (expresion_aritmetica -> expresion_aritmetica SUMA termino .)
    PARENTESIS_DER  reduce using rule 56 (expresion_aritmetica -> expresion_aritmetica SUMA termino .)
    COMA            reduce using rule 56 (expresion_aritmetica -> expresion_aritmetica SUMA termino .)
    MULTIPLICACION  shift and go to state 77
    DIVISION        shift and go to state 78


state 99

    (57) expresion_aritmetica -> expresion_aritmetica RESTA termino .
    (59) termino -> termino . MULTIPLICACION factor
    (60) termino -> termino . DIVISION factor

    SUMA            reduce using rule 57 (expresion_aritmetica -> expresion_aritmetica RESTA termino .)
    RESTA           reduce using rule 57 (expresion_aritmetica -> expresion_aritmetica RESTA termino .)
    MENOR           reduce using rule 57 (expresion_aritmetica -> expresion_aritmetica RESTA termino .)
    MAYOR           reduce using rule 57 (expresion_aritmetica -> expresion_aritmetica RESTA termino .)
    MENOR_IGUAL     reduce using rule 57 (expresion_aritmetica -> expresion_aritmetica RESTA termino .)
    MAYOR_IGUAL     reduce using rule 57 (expresion_aritmetica -> expresion_aritmetica RESTA termino .)
    IGUAL           reduce using rule 57 (expresion_aritmetica -> expresion_aritmetica RESTA termino .)
    DIFERENTE       reduce using rule 57 (expresion_aritmetica -> expresion_aritmetica RESTA termino .)
    PUNTO_COMA      reduce using rule 57 (expresion_aritmetica -> expresion_aritmetica RESTA termino .)
    PARENTESIS_DER  reduce using rule 57 (expresion_aritmetica -> expresion_aritmetica RESTA termino .)
    COMA            reduce using rule 57 (expresion_aritmetica -> expresion_aritmetica RESTA termino .)
    MULTIPLICACION  shift and go to state 77
    DIVISION        shift and go to state 78


state 100

    (59) termino -> termino MULTIPLICACION factor .

    MULTIPLICACION  reduce using rule 59 (termino -> termino MULTIPLICACION factor .)
    DIVISION        reduce using rule 59 (termino -> termino MULTIPLICACION factor .)
    SUMA            reduce using rule 59 (termino -> termino MULTIPLICACION factor .)
    RESTA           reduce using rule 59 (termino -> termino MULTIPLICACION factor .)
    MENOR           reduce using rule 59 (termino -> termino MULTIPLICACION factor .)
    MAYOR           reduce using rule 59 (termino -> termino MULTIPLICACION factor .)
    MENOR_IGUAL     reduce using rule 59 (termino -> termino MULTIPLICACION factor .)
    MAYOR_IGUAL     reduce using rule 59 (termino -> termino MULTIPLICACION factor .)
    IGUAL           reduce using rule 59 (termino -> termino MULTIPLICACION factor .)
    DIFERENTE       reduce using rule 59 (termino -> termino MULTIPLICACION factor .)
    PUNTO_COMA      reduce using rule 59 (termino -> termino MULTIPLICACION factor .)
    PARENTESIS_DER  reduce using rule 59 (termino -> termino MULTIPLICACION factor .)
    COMA            reduce using rule 59 (termino -> termino MULTIPLICACION factor .)


state 101

    (60) termino -> termino DIVISION factor .

    MULTIPLICACION  reduce using rule 60 (termino -> termino DIVISION factor .)
    DIVISION        reduce using rule 60 (termino -> termino DIVISION factor .)
    SUMA            reduce using rule 60 (termino -> termino DIVISION factor .)
    RESTA           reduce using rule 60 (termino -> termino DIVISION factor .)
    MENOR           reduce using rule 60 (termino -> termino DIVISION factor .)
    MAYOR           reduce using rule 60 (termino -> termino DIVISION factor .)
    MENOR_IGUAL     reduce using rule 60 (termino -> termino DIVISION factor .)
    MAYOR_IGUAL     reduce using rule 60 (termino -> termino DIVISION factor .)
    IGUAL           reduce using rule 60 (termino -> termino DIVISION factor .)
    DIFERENTE       reduce using rule 60 (termino -> termino DIVISION factor .)
    PUNTO_COMA      reduce using rule 60 (termino -> termino DIVISION factor .)
    PARENTESIS_DER  reduce using rule 60 (termino -> termino DIVISION factor .)
    COMA            reduce using rule 60 (termino -> termino DIVISION factor .)


state 102

    (68) factor -> PARENTESIS_IZQ expresion PARENTESIS_DER .

    MULTIPLICACION  reduce using rule 68 (factor -> PARENTESIS_IZQ expresion PARENTESIS_DER .)
    DIVISION        reduce using rule 68 (factor -> PARENTESIS_IZQ expresion PARENTESIS_DER .)
    SUMA            reduce using rule 68 (factor -> PARENTESIS_IZQ expresion PARENTESIS_DER .)
    RESTA           reduce using rule 68 (factor -> PARENTESIS_IZQ expresion PARENTESIS_DER .)
    MENOR           reduce using rule 68 (factor -> PARENTESIS_IZQ expresion PARENTESIS_DER .)
    MAYOR           reduce using rule 68 (factor -> PARENTESIS_IZQ expresion PARENTESIS_DER .)
    MENOR_IGUAL     reduce using rule 68 (factor -> PARENTESIS_IZQ expresion PARENTESIS_DER .)
    MAYOR_IGUAL     reduce using rule 68 (factor -> PARENTESIS_IZQ expresion PARENTESIS_DER .)
    IGUAL           reduce using rule 68 (factor -> PARENTESIS_IZQ expresion PARENTESIS_DER .)
    DIFERENTE       reduce using rule 68 (factor -> PARENTESIS_IZQ expresion PARENTESIS_DER .)
    PUNTO_COMA      reduce using rule 68 (factor -> PARENTESIS_IZQ expresion PARENTESIS_DER .)
    PARENTESIS_DER  reduce using rule 68 (factor -> PARENTESIS_IZQ expresion PARENTESIS_DER .)
    COMA            reduce using rule 68 (factor -> PARENTESIS_IZQ expresion PARENTESIS_DER .)


state 103

    (44) sentencia_imprimir -> IMPRIMIR PARENTESIS_IZQ expresion PARENTESIS_DER .

    PUNTO_COMA      reduce using rule 44 (sentencia_imprimir -> IMPRIMIR PARENTESIS_IZQ expresion PARENTESIS_DER .)


state 104

    (45) sentencia_leer -> LEER PARENTESIS_IZQ IDENTIFICADOR PARENTESIS_DER .

    PUNTO_COMA      reduce using rule 45 (sentencia_leer -> LEER PARENTESIS_IZQ IDENTIFICADOR PARENTESIS_DER .)


state 105

    (9) declaracion_variable -> tipo IDENTIFICADOR ASIGNACION expresion PUNTO_COMA .

    FUNCION         reduce using rule 9 (declaracion_variable -> tipo IDENTIFICADOR ASIGNACION expresion PUNTO_COMA .)
    TIPO_ENTERO     reduce using rule 9 (declaracion_variable -> tipo IDENTIFICADOR ASIGNACION expresion PUNTO_COMA .)
    TIPO_DECIMAL    reduce using rule 9 (declaracion_variable -> tipo IDENTIFICADOR ASIGNACION expresion PUNTO_COMA .)
    TIPO_CADENA     reduce using rule 9 (declaracion_variable -> tipo IDENTIFICADOR ASIGNACION expresion PUNTO_COMA .)
    TIPO_BOOLEANO   reduce using rule 9 (declaracion_variable -> tipo IDENTIFICADOR ASIGNACION expresion PUNTO_COMA .)
    IDENTIFICADOR   reduce using rule 9 (declaracion_variable -> tipo IDENTIFICADOR ASIGNACION expresion PUNTO_COMA .)
    SI              reduce using rule 9 (declaracion_variable -> tipo IDENTIFICADOR ASIGNACION expresion PUNTO_COMA .)
    MIENTRAS        reduce using rule 9 (declaracion_variable -> tipo IDENTIFICADOR ASIGNACION expresion PUNTO_COMA .)
    PARA            reduce using rule 9 (declaracion_variable -> tipo IDENTIFICADOR ASIGNACION expresion PUNTO_COMA .)
    RETORNAR        reduce using rule 9 (declaracion_variable -> tipo IDENTIFICADOR ASIGNACION expresion PUNTO_COMA .)
    IMPRIMIR        reduce using rule 9 (declaracion_variable -> tipo IDENTIFICADOR ASIGNACION expresion PUNTO_COMA .)
    LEER            reduce using rule 9 (declaracion_variable -> tipo IDENTIFICADOR ASIGNACION expresion PUNTO_COMA .)
    $end            reduce using rule 9 (declaracion_variable -> tipo IDENTIFICADOR ASIGNACION expresion PUNTO_COMA .)


state 106

    (36) lista_argumentos -> lista_argumentos COMA expresion .

    COMA            reduce using rule 36 (lista_argumentos -> lista_argumentos COMA expresion .)
    PARENTESIS_DER  reduce using rule 36 (lista_argumentos -> lista_argumentos COMA expresion .)


state 107

    (14) declaracion_funcion -> FUNCION IDENTIFICADOR PARENTESIS_IZQ parametros PARENTESIS_DER . bloque
    (20) bloque -> . LLAVE_IZQ sentencias LLAVE_DER

    LLAVE_IZQ       shift and go to state 111

    bloque                         shift and go to state 114

state 108

    (17) lista_parametros -> lista_parametros COMA . parametro
    (19) parametro -> . tipo IDENTIFICADOR
    (10) tipo -> . TIPO_ENTERO
    (11) tipo -> . TIPO_DECIMAL
    (12) tipo -> . TIPO_CADENA
    (13) tipo -> . TIPO_BOOLEANO

    TIPO_ENTERO     shift and go to state 18
    TIPO_DECIMAL    shift and go to state 19
    TIPO_CADENA     shift and go to state 20
    TIPO_BOOLEANO   shift and go to state 21

    parametro                      shift and go to state 115
    tipo                           shift and go to state 88

state 109

    (19) parametro -> tipo IDENTIFICADOR .

    COMA            reduce using rule 19 (parametro -> tipo IDENTIFICADOR .)
    PARENTESIS_DER  reduce using rule 19 (parametro -> tipo IDENTIFICADOR .)


state 110

    (38) sentencia_si -> SI PARENTESIS_IZQ expresion PARENTESIS_DER bloque .
    (39) sentencia_si -> SI PARENTESIS_IZQ expresion PARENTESIS_DER bloque . SINO bloque

    FUNCION         reduce using rule 38 (sentencia_si -> SI PARENTESIS_IZQ expresion PARENTESIS_DER bloque .)
    TIPO_ENTERO     reduce using rule 38 (sentencia_si -> SI PARENTESIS_IZQ expresion PARENTESIS_DER bloque .)
    TIPO_DECIMAL    reduce using rule 38 (sentencia_si -> SI PARENTESIS_IZQ expresion PARENTESIS_DER bloque .)
    TIPO_CADENA     reduce using rule 38 (sentencia_si -> SI PARENTESIS_IZQ expresion PARENTESIS_DER bloque .)
    TIPO_BOOLEANO   reduce using rule 38 (sentencia_si -> SI PARENTESIS_IZQ expresion PARENTESIS_DER bloque .)
    IDENTIFICADOR   reduce using rule 38 (sentencia_si -> SI PARENTESIS_IZQ expresion PARENTESIS_DER bloque .)
    SI              reduce using rule 38 (sentencia_si -> SI PARENTESIS_IZQ expresion PARENTESIS_DER bloque .)
    MIENTRAS        reduce using rule 38 (sentencia_si -> SI PARENTESIS_IZQ expresion PARENTESIS_DER bloque .)
    PARA            reduce using rule 38 (sentencia_si -> SI PARENTESIS_IZQ expresion PARENTESIS_DER bloque .)
    RETORNAR        reduce using rule 38 (sentencia_si -> SI PARENTESIS_IZQ expresion PARENTESIS_DER bloque .)
    IMPRIMIR        reduce using rule 38 (sentencia_si -> SI PARENTESIS_IZQ expresion PARENTESIS_DER bloque .)
    LEER            reduce using rule 38 (sentencia_si -> SI PARENTESIS_IZQ expresion PARENTESIS_DER bloque .)
    $end            reduce using rule 38 (sentencia_si -> SI PARENTESIS_IZQ expresion PARENTESIS_DER bloque .)
    LLAVE_DER       reduce using rule 38 (sentencia_si -> SI PARENTESIS_IZQ expresion PARENTESIS_DER bloque .)
    SINO            shift and go to state 116


state 111

    (20) bloque -> LLAVE_IZQ . sentencias LLAVE_DER
    (21) sentencias -> . sentencias sentencia
    (22) sentencias -> . sentencia
    (23) sentencias -> .
    (24) sentencia -> . asignacion PUNTO_COMA
    (25) sentencia -> . llamada_funcion PUNTO_COMA
    (26) sentencia -> . sentencia_si
    (27) sentencia -> . sentencia_mientras
    (28) sentencia -> . sentencia_para
    (29) sentencia -> . sentencia_retorno PUNTO_COMA
    (30) sentencia -> . sentencia_imprimir PUNTO_COMA
    (31) sentencia -> . sentencia_leer PUNTO_COMA
    (32) asignacion -> . IDENTIFICADOR ASIGNACION expresion
    (33) llamada_funcion -> . IDENTIFICADOR PARENTESIS_IZQ argumentos PARENTESIS_DER
    (38) sentencia_si -> . SI PARENTESIS_IZQ expresion PARENTESIS_DER bloque
    (39) sentencia_si -> . SI PARENTESIS_IZQ expresion PARENTESIS_DER bloque SINO bloque
    (40) sentencia_mientras -> . MIENTRAS PARENTESIS_IZQ expresion PARENTESIS_DER bloque
    (41) sentencia_para -> . PARA PARENTESIS_IZQ asignacion PUNTO_COMA expresion PUNTO_COMA asignacion PARENTESIS_DER bloque
    (42) sentencia_retorno -> . RETORNAR expresion
    (43) sentencia_retorno -> . RETORNAR
    (44) sentencia_imprimir -> . IMPRIMIR PARENTESIS_IZQ expresion PARENTESIS_DER
    (45) sentencia_leer -> . LEER PARENTESIS_IZQ IDENTIFICADOR PARENTESIS_DER

  ! shift/reduce conflict for IDENTIFICADOR resolved as shift
  ! shift/reduce conflict for SI resolved as shift
  ! shift/reduce conflict for MIENTRAS resolved as shift
  ! shift/reduce conflict for PARA resolved as shift
  ! shift/reduce conflict for RETORNAR resolved as shift
  ! shift/reduce conflict for IMPRIMIR resolved as shift
  ! shift/reduce conflict for LEER resolved as shift
    LLAVE_DER       reduce using rule 23 (sentencias -> .)
    IDENTIFICADOR   shift and go to state 8
    SI              shift and go to state 22
    MIENTRAS        shift and go to state 23
    PARA            shift and go to state 24
    RETORNAR        shift and go to state 25
    IMPRIMIR        shift and go to state 26
    LEER            shift and go to state 27

  ! IDENTIFICADOR   [ reduce using rule 23 (sentencias -> .) ]
  ! SI              [ reduce using rule 23 (sentencias -> .) ]
  ! MIENTRAS        [ reduce using rule 23 (sentencias -> .) ]
  ! PARA            [ reduce using rule 23 (sentencias -> .) ]
  ! RETORNAR        [ reduce using rule 23 (sentencias -> .) ]
  ! IMPRIMIR        [ reduce using rule 23 (sentencias -> .) ]
  ! LEER            [ reduce using rule 23 (sentencias -> .) ]

    sentencias                     shift and go to state 117
    sentencia                      shift and go to state 118
    asignacion                     shift and go to state 10
    llamada_funcion                shift and go to state 11
    sentencia_si                   shift and go to state 12
    sentencia_mientras             shift and go to state 13
    sentencia_para                 shift and go to state 14
    sentencia_retorno              shift and go to state 15
    sentencia_imprimir             shift and go to state 16
    sentencia_leer                 shift and go to state 17

state 112

    (40) sentencia_mientras -> MIENTRAS PARENTESIS_IZQ expresion PARENTESIS_DER bloque .

    FUNCION         reduce using rule 40 (sentencia_mientras -> MIENTRAS PARENTESIS_IZQ expresion PARENTESIS_DER bloque .)
    TIPO_ENTERO     reduce using rule 40 (sentencia_mientras -> MIENTRAS PARENTESIS_IZQ expresion PARENTESIS_DER bloque .)
    TIPO_DECIMAL    reduce using rule 40 (sentencia_mientras -> MIENTRAS PARENTESIS_IZQ expresion PARENTESIS_DER bloque .)
    TIPO_CADENA     reduce using rule 40 (sentencia_mientras -> MIENTRAS PARENTESIS_IZQ expresion PARENTESIS_DER bloque .)
    TIPO_BOOLEANO   reduce using rule 40 (sentencia_mientras -> MIENTRAS PARENTESIS_IZQ expresion PARENTESIS_DER bloque .)
    IDENTIFICADOR   reduce using rule 40 (sentencia_mientras -> MIENTRAS PARENTESIS_IZQ expresion PARENTESIS_DER bloque .)
    SI              reduce using rule 40 (sentencia_mientras -> MIENTRAS PARENTESIS_IZQ expresion PARENTESIS_DER bloque .)
    MIENTRAS        reduce using rule 40 (sentencia_mientras -> MIENTRAS PARENTESIS_IZQ expresion PARENTESIS_DER bloque .)
    PARA            reduce using rule 40 (sentencia_mientras -> MIENTRAS PARENTESIS_IZQ expresion PARENTESIS_DER bloque .)
    RETORNAR        reduce using rule 40 (sentencia_mientras -> MIENTRAS PARENTESIS_IZQ expresion PARENTESIS_DER bloque .)
    IMPRIMIR        reduce using rule 40 (sentencia_mientras -> MIENTRAS PARENTESIS_IZQ expresion PARENTESIS_DER bloque .)
    LEER            reduce using rule 40 (sentencia_mientras -> MIENTRAS PARENTESIS_IZQ expresion PARENTESIS_DER bloque .)
    $end            reduce using rule 40 (sentencia_mientras -> MIENTRAS PARENTESIS_IZQ expresion PARENTESIS_DER bloque .)
    LLAVE_DER       reduce using rule 40 (sentencia_mientras -> MIENTRAS PARENTESIS_IZQ expresion PARENTESIS_DER bloque .)


state 113

    (41) sentencia_para -> PARA PARENTESIS_IZQ asignacion PUNTO_COMA expresion . PUNTO_COMA asignacion PARENTESIS_DER bloque

    PUNTO_COMA      shift and go to state 119


state 114

    (14) declaracion_funcion -> FUNCION IDENTIFICADOR PARENTESIS_IZQ parametros PARENTESIS_DER bloque .

    FUNCION         reduce using rule 14 (declaracion_funcion -> FUNCION IDENTIFICADOR PARENTESIS_IZQ parametros PARENTESIS_DER bloque .)
    TIPO_ENTERO     reduce using rule 14 (declaracion_funcion -> FUNCION IDENTIFICADOR PARENTESIS_IZQ parametros PARENTESIS_DER bloque .)
    TIPO_DECIMAL    reduce using rule 14 (declaracion_funcion -> FUNCION IDENTIFICADOR PARENTESIS_IZQ parametros PARENTESIS_DER bloque .)
    TIPO_CADENA     reduce using rule 14 (declaracion_funcion -> FUNCION IDENTIFICADOR PARENTESIS_IZQ parametros PARENTESIS_DER bloque .)
    TIPO_BOOLEANO   reduce using rule 14 (declaracion_funcion -> FUNCION IDENTIFICADOR PARENTESIS_IZQ parametros PARENTESIS_DER bloque .)
    IDENTIFICADOR   reduce using rule 14 (declaracion_funcion -> FUNCION IDENTIFICADOR PARENTESIS_IZQ parametros PARENTESIS_DER bloque .)
    SI              reduce using rule 14 (declaracion_funcion -> FUNCION IDENTIFICADOR PARENTESIS_IZQ parametros PARENTESIS_DER bloque .)
    MIENTRAS        reduce using rule 14 (declaracion_funcion -> FUNCION IDENTIFICADOR PARENTESIS_IZQ parametros PARENTESIS_DER bloque .)
    PARA            reduce using rule 14 (declaracion_funcion -> FUNCION IDENTIFICADOR PARENTESIS_IZQ parametros PARENTESIS_DER bloque .)
    RETORNAR        reduce using rule 14 (declaracion_funcion -> FUNCION IDENTIFICADOR PARENTESIS_IZQ parametros PARENTESIS_DER bloque .)
    IMPRIMIR        reduce using rule 14 (declaracion_funcion -> FUNCION IDENTIFICADOR PARENTESIS_IZQ parametros PARENTESIS_DER bloque .)
    LEER            reduce using rule 14 (declaracion_funcion -> FUNCION IDENTIFICADOR PARENTESIS_IZQ parametros PARENTESIS_DER bloque .)
    $end            reduce using rule 14 (declaracion_funcion -> FUNCION IDENTIFICADOR PARENTESIS_IZQ parametros PARENTESIS_DER bloque .)


state 115

    (17) lista_parametros -> lista_parametros COMA parametro .

    COMA            reduce using rule 17 (lista_parametros -> lista_parametros COMA parametro .)
    PARENTESIS_DER  reduce using rule 17 (lista_parametros -> lista_parametros COMA parametro .)


state 116

    (39) sentencia_si -> SI PARENTESIS_IZQ expresion PARENTESIS_DER bloque SINO . bloque
    (20) bloque -> . LLAVE_IZQ sentencias LLAVE_DER

    LLAVE_IZQ       shift and go to state 111

    bloque                         shift and go to state 120

state 117

    (20) bloque -> LLAVE_IZQ sentencias . LLAVE_DER
    (21) sentencias -> sentencias . sentencia
    (24) sentencia -> . asignacion PUNTO_COMA
    (25) sentencia -> . llamada_funcion PUNTO_COMA
    (26) sentencia -> . sentencia_si
    (27) sentencia -> . sentencia_mientras
    (28) sentencia -> . sentencia_para
    (29) sentencia -> . sentencia_retorno PUNTO_COMA
    (30) sentencia -> . sentencia_imprimir PUNTO_COMA
    (31) sentencia -> . sentencia_leer PUNTO_COMA
    (32) asignacion -> . IDENTIFICADOR ASIGNACION expresion
    (33) llamada_funcion -> . IDENTIFICADOR PARENTESIS_IZQ argumentos PARENTESIS_DER
    (38) sentencia_si -> . SI PARENTESIS_IZQ expresion PARENTESIS_DER bloque
    (39) sentencia_si -> . SI PARENTESIS_IZQ expresion PARENTESIS_DER bloque SINO bloque
    (40) sentencia_mientras -> . MIENTRAS PARENTESIS_IZQ expresion PARENTESIS_DER bloque
    (41) sentencia_para -> . PARA PARENTESIS_IZQ asignacion PUNTO_COMA expresion PUNTO_COMA asignacion PARENTESIS_DER bloque
    (42) sentencia_retorno -> . RETORNAR expresion
    (43) sentencia_retorno -> . RETORNAR
    (44) sentencia_imprimir -> . IMPRIMIR PARENTESIS_IZQ expresion PARENTESIS_DER
    (45) sentencia_leer -> . LEER PARENTESIS_IZQ IDENTIFICADOR PARENTESIS_DER

    LLAVE_DER       shift and go to state 121
    IDENTIFICADOR   shift and go to state 8
    SI              shift and go to state 22
    MIENTRAS        shift and go to state 23
    PARA            shift and go to state 24
    RETORNAR        shift and go to state 25
    IMPRIMIR        shift and go to state 26
    LEER            shift and go to state 27

    sentencia                      shift and go to state 122
    asignacion                     shift and go to state 10
    llamada_funcion                shift and go to state 11
    sentencia_si                   shift and go to state 12
    sentencia_mientras             shift and go to state 13
    sentencia_para                 shift and go to state 14
    sentencia_retorno              shift and go to state 15
    sentencia_imprimir             shift and go to state 16
    sentencia_leer                 shift and go to state 17

state 118

    (22) sentencias -> sentencia .

    LLAVE_DER       reduce using rule 22 (sentencias -> sentencia .)
    IDENTIFICADOR   reduce using rule 22 (sentencias -> sentencia .)
    SI              reduce using rule 22 (sentencias -> sentencia .)
    MIENTRAS        reduce using rule 22 (sentencias -> sentencia .)
    PARA            reduce using rule 22 (sentencias -> sentencia .)
    RETORNAR        reduce using rule 22 (sentencias -> sentencia .)
    IMPRIMIR        reduce using rule 22 (sentencias -> sentencia .)
    LEER            reduce using rule 22 (sentencias -> sentencia .)


state 119

    (41) sentencia_para -> PARA PARENTESIS_IZQ asignacion PUNTO_COMA expresion PUNTO_COMA . asignacion PARENTESIS_DER bloque
    (32) asignacion -> . IDENTIFICADOR ASIGNACION expresion

    IDENTIFICADOR   shift and go to state 68

    asignacion                     shift and go to state 123

state 120

    (39) sentencia_si -> SI PARENTESIS_IZQ expresion PARENTESIS_DER bloque SINO bloque .

    FUNCION         reduce using rule 39 (sentencia_si -> SI PARENTESIS_IZQ expresion PARENTESIS_DER bloque SINO bloque .)
    TIPO_ENTERO     reduce using rule 39 (sentencia_si -> SI PARENTESIS_IZQ expresion PARENTESIS_DER bloque SINO bloque .)
    TIPO_DECIMAL    reduce using rule 39 (sentencia_si -> SI PARENTESIS_IZQ expresion PARENTESIS_DER bloque SINO bloque .)
    TIPO_CADENA     reduce using rule 39 (sentencia_si -> SI PARENTESIS_IZQ expresion PARENTESIS_DER bloque SINO bloque .)
    TIPO_BOOLEANO   reduce using rule 39 (sentencia_si -> SI PARENTESIS_IZQ expresion PARENTESIS_DER bloque SINO bloque .)
    IDENTIFICADOR   reduce using rule 39 (sentencia_si -> SI PARENTESIS_IZQ expresion PARENTESIS_DER bloque SINO bloque .)
    SI              reduce using rule 39 (sentencia_si -> SI PARENTESIS_IZQ expresion PARENTESIS_DER bloque SINO bloque .)
    MIENTRAS        reduce using rule 39 (sentencia_si -> SI PARENTESIS_IZQ expresion PARENTESIS_DER bloque SINO bloque .)
    PARA            reduce using rule 39 (sentencia_si -> SI PARENTESIS_IZQ expresion PARENTESIS_DER bloque SINO bloque .)
    RETORNAR        reduce using rule 39 (sentencia_si -> SI PARENTESIS_IZQ expresion PARENTESIS_DER bloque SINO bloque .)
    IMPRIMIR        reduce using rule 39 (sentencia_si -> SI PARENTESIS_IZQ expresion PARENTESIS_DER bloque SINO bloque .)
    LEER            reduce using rule 39 (sentencia_si -> SI PARENTESIS_IZQ expresion PARENTESIS_DER bloque SINO bloque .)
    $end            reduce using rule 39 (sentencia_si -> SI PARENTESIS_IZQ expresion PARENTESIS_DER bloque SINO bloque .)
    LLAVE_DER       reduce using rule 39 (sentencia_si -> SI PARENTESIS_IZQ expresion PARENTESIS_DER bloque SINO bloque .)


state 121

    (20) bloque -> LLAVE_IZQ sentencias LLAVE_DER .

    SINO            reduce using rule 20 (bloque -> LLAVE_IZQ sentencias LLAVE_DER .)
    FUNCION         reduce using rule 20 (bloque -> LLAVE_IZQ sentencias LLAVE_DER .)
    TIPO_ENTERO     reduce using rule 20 (bloque -> LLAVE_IZQ sentencias LLAVE_DER .)
    TIPO_DECIMAL    reduce using rule 20 (bloque -> LLAVE_IZQ sentencias LLAVE_DER .)
    TIPO_CADENA     reduce using rule 20 (bloque -> LLAVE_IZQ sentencias LLAVE_DER .)
    TIPO_BOOLEANO   reduce using rule 20 (bloque -> LLAVE_IZQ sentencias LLAVE_DER .)
    IDENTIFICADOR   reduce using rule 20 (bloque -> LLAVE_IZQ sentencias LLAVE_DER .)
    SI              reduce using rule 20 (bloque -> LLAVE_IZQ sentencias LLAVE_DER .)
    MIENTRAS        reduce using rule 20 (bloque -> LLAVE_IZQ sentencias LLAVE_DER .)
    PARA            reduce using rule 20 (bloque -> LLAVE_IZQ sentencias LLAVE_DER .)
    RETORNAR        reduce using rule 20 (bloque -> LLAVE_IZQ sentencias LLAVE_DER .)
    IMPRIMIR        reduce using rule 20 (bloque -> LLAVE_IZQ sentencias LLAVE_DER .)
    LEER            reduce using rule 20 (bloque -> LLAVE_IZQ sentencias LLAVE_DER .)
    $end            reduce using rule 20 (bloque -> LLAVE_IZQ sentencias LLAVE_DER .)
    LLAVE_DER       reduce using rule 20 (bloque -> LLAVE_IZQ sentencias LLAVE_DER .)


state 122

    (21) sentencias -> sentencias sentencia .

    LLAVE_DER       reduce using rule 21 (sentencias -> sentencias sentencia .)
    IDENTIFICADOR   reduce using rule 21 (sentencias -> sentencias sentencia .)
    SI              reduce using rule 21 (sentencias -> sentencias sentencia .)
    MIENTRAS        reduce using rule 21 (sentencias -> sentencias sentencia .)
    PARA            reduce using rule 21 (sentencias -> sentencias sentencia .)
    RETORNAR        reduce using rule 21 (sentencias -> sentencias sentencia .)
    IMPRIMIR        reduce using rule 21 (sentencias -> sentencias sentencia .)
    LEER            reduce using rule 21 (sentencias -> sentencias sentencia .)


state 123

    (41) sentencia_para -> PARA PARENTESIS_IZQ asignacion PUNTO_COMA expresion PUNTO_COMA asignacion . PARENTESIS_DER bloque

    PARENTESIS_DER  shift and go to state 124


state 124

    (41) sentencia_para -> PARA PARENTESIS_IZQ asignacion PUNTO_COMA expresion PUNTO_COMA asignacion PARENTESIS_DER . bloque
    (20) bloque -> . LLAVE_IZQ sentencias LLAVE_DER

    LLAVE_IZQ       shift and go to state 111

    bloque                         shift and go to state 125

state 125

    (41) sentencia_para -> PARA PARENTESIS_IZQ asignacion PUNTO_COMA expresion PUNTO_COMA asignacion PARENTESIS_DER bloque .

    FUNCION         reduce using rule 41 (sentencia_para -> PARA PARENTESIS_IZQ asignacion PUNTO_COMA expresion PUNTO_COMA asignacion PARENTESIS_DER bloque .)
    TIPO_ENTERO     reduce using rule 41 (sentencia_para -> PARA PARENTESIS_IZQ asignacion PUNTO_COMA expresion PUNTO_COMA asignacion PARENTESIS_DER bloque .)
    TIPO_DECIMAL    reduce using rule 41 (sentencia_para -> PARA PARENTESIS_IZQ asignacion PUNTO_COMA expresion PUNTO_COMA asignacion PARENTESIS_DER bloque .)
    TIPO_CADENA     reduce using rule 41 (sentencia_para -> PARA PARENTESIS_IZQ asignacion PUNTO_COMA expresion PUNTO_COMA asignacion PARENTESIS_DER bloque .)
    TIPO_BOOLEANO   reduce using rule 41 (sentencia_para -> PARA PARENTESIS_IZQ asignacion PUNTO_COMA expresion PUNTO_COMA asignacion PARENTESIS_DER bloque .)
    IDENTIFICADOR   reduce using rule 41 (sentencia_para -> PARA PARENTESIS_IZQ asignacion PUNTO_COMA expresion PUNTO_COMA asignacion PARENTESIS_DER bloque .)
    SI              reduce using rule 41 (sentencia_para -> PARA PARENTESIS_IZQ asignacion PUNTO_COMA expresion PUNTO_COMA asignacion PARENTESIS_DER bloque .)
    MIENTRAS        reduce using rule 41 (sentencia_para -> PARA PARENTESIS_IZQ asignacion PUNTO_COMA expresion PUNTO_COMA asignacion PARENTESIS_DER bloque .)
    PARA            reduce using rule 41 (sentencia_para -> PARA PARENTESIS_IZQ asignacion PUNTO_COMA expresion PUNTO_COMA asignacion PARENTESIS_DER bloque .)
    RETORNAR        reduce using rule 41 (sentencia_para -> PARA PARENTESIS_IZQ asignacion PUNTO_COMA expresion PUNTO_COMA asignacion PARENTESIS_DER bloque .)
    IMPRIMIR        reduce using rule 41 (sentencia_para -> PARA PARENTESIS_IZQ asignacion PUNTO_COMA expresion PUNTO_COMA asignacion PARENTESIS_DER bloque .)
    LEER            reduce using rule 41 (sentencia_para -> PARA PARENTESIS_IZQ asignacion PUNTO_COMA expresion PUNTO_COMA asignacion PARENTESIS_DER bloque .)
    $end            reduce using rule 41 (sentencia_para -> PARA PARENTESIS_IZQ asignacion PUNTO_COMA expresion PUNTO_COMA asignacion PARENTESIS_DER bloque .)
    LLAVE_DER       reduce using rule 41 (sentencia_para -> PARA PARENTESIS_IZQ asignacion PUNTO_COMA expresion PUNTO_COMA asignacion PARENTESIS_DER bloque .)

WARNING: 
WARNING: Conflicts:
WARNING: 
WARNING: shift/reduce conflict for IDENTIFICADOR in state 111 resolved as shift
WARNING: shift/reduce conflict for SI in state 111 resolved as shift
WARNING: shift/reduce conflict for MIENTRAS in state 111 resolved as shift
WARNING: shift/reduce conflict for PARA in state 111 resolved as shift
WARNING: shift/reduce conflict for RETORNAR in state 111 resolved as shift
WARNING: shift/reduce conflict for IMPRIMIR in state 111 resolved as shift
WARNING: shift/reduce conflict for LEER in state 111 resolved as shift
